,t(min),Te[K],Tc[K],dT[K],P[bar],TR[K/W],GFE [KJ/mol],GFE_Tc [KJ/mol],dG[KJ/mol],Fluid,FR
0,0.0,298.15,296.65,1.5,0.4132991672688391,0.01875,-2190.2438354662727,-2179.2246647361053,-11.019170730167389,DI Water 60,60
1,0.5,297.81666666666666,296.65,1.166666666666668,0.4132991672688391,0.0145833333333333,-2187.795130859569,-2179.2246647361053,-8.570466123463575,DI Water 60,60
2,1.0,298.15,296.4,1.75,0.4132991672688391,0.021875,-2190.2438354662727,-2177.388136281077,-12.85569918519559,DI Water 60,60
3,1.5,300.15,296.4,3.75,0.4132991672688391,0.046875,-2204.936063106496,-2177.388136281077,-27.547926825418926,DI Water 60,60
4,2.0,302.15,296.4,5.75,0.4132991672688391,0.071875,-2219.62829074672,-2177.388136281077,-42.24015446564226,DI Water 60,60
5,2.5,302.81666666666666,296.65,6.166666666666668,0.4132991672688391,0.0770833333333333,-2224.525699960127,-2179.2246647361053,-45.30103522402169,DI Water 60,60
6,3.0,305.15,296.9,8.25,0.4132991672688391,0.103125,-2241.666632207054,-2181.061193191133,-60.60543901592109,DI Water 60,60
7,3.5,306.81666666666666,297.4,9.416666666666664,0.4132991672688391,0.1177083333333333,-2253.910155240573,-2184.734250101189,-69.17590513938421,DI Water 60,60
8,4.0,309.15,298.15,11.0,0.4132991672688391,0.1375,-2271.0510874875004,-2190.2438354662727,-80.80725202122767,DI Water 60,60
9,4.5,310.81666666666666,298.65,12.166666666666664,0.4132991672688391,0.1520833333333333,-2283.29461052102,-2193.9168923763286,-89.37771814469124,DI Water 60,60
10,5.0,312.81666666666666,299.65,13.166666666666664,0.4132991672688391,0.1645833333333333,-2297.986838161243,-2201.26300619644,-96.72383196480314,DI Water 60,60
11,5.5,315.15,299.9,15.25,0.4132991672688391,0.190625,-2315.12777040817,-2203.0995346514683,-112.02823575670163,DI Water 60,60
12,6.0,317.15,300.4,16.75,0.4132991672688391,0.209375,-2329.819998048393,-2206.772591561524,-123.04740648686902,DI Water 60,60
13,6.5,320.15,301.9,18.25,0.4466297452743906,0.228125,-2145.4194853221625,-2023.1208577815428,-122.29862754061968,DI Water 60,60
14,7.0,321.81666666666666,302.15,19.666666666666664,0.4466297452743906,0.2458333333333333,-2156.5883097550964,-2024.796181446483,-131.79212830861343,DI Water 60,60
15,7.5,323.15,303.15,20.0,0.4466297452743906,0.25,-2165.5233693014425,-2031.4974761062429,-134.0258931951996,DI Water 60,60
16,8.0,325.81666666666666,303.4,22.416666666666664,0.4799603232799422,0.2802083333333333,-1988.428810463526,-1851.6219789082832,-136.80683155524275,DI Water 60,60
17,8.5,327.15,304.4,22.75,0.4799603232799422,0.284375,-1996.5660197753616,-1857.72488589216,-138.8411338832018,DI Water 60,60
18,9.0,328.4833333333333,305.15,23.333333333333336,0.4799603232799422,0.2916666666666667,-2004.7032290871975,-1862.302066130068,-142.40116295712983,DI Water 60,60
19,9.5,329.81666666666666,306.15,23.666666666666664,0.5132909012854937,0.2958333333333333,-1828.7380403110217,-1697.5132175690107,-131.22482274201093,DI Water 60,60
20,10.0,332.15,306.9,25.25,0.5466214792910453,0.315625,-1667.9394782976767,-1541.142935088234,-126.79654320944267,DI Water 60,60
21,10.5,333.81666666666666,308.15,25.666666666666664,0.5466214792910453,0.3208333333333333,-1676.3088870903794,-1547.4199916827613,-128.8888954076181,DI Water 60,60
22,11.0,335.15,308.9,26.25,0.5466214792910453,0.328125,-1683.0044141245412,-1551.1862256394772,-131.81818848506396,DI Water 60,60
23,11.5,336.81666666666666,309.65,27.166666666666664,0.5799520572965968,0.3395833333333333,-1525.6275953068664,-1402.574847503898,-123.0527478029685,DI Water 60,60
24,12.0,338.4833333333333,310.4,28.08333333333333,0.6132826353021483,0.3510416666666666,-1375.9208274327111,-1261.7632325622542,-114.15759487045716,DI Water 60,60
25,12.5,338.81666666666666,309.9,28.91666666666667,0.6132826353021483,0.3614583333333334,-1377.2758137219753,-1259.7307531283586,-117.54506059361664,DI Water 60,60
26,13.0,341.15,311.9,29.25,0.6132826353021483,0.365625,-1386.7607177468203,-1267.8606708639404,-118.9000468828799,DI Water 60,60
27,13.5,341.81666666666666,312.4,29.41666666666667,0.6132826353021483,0.3677083333333334,-1389.4706903253475,-1269.8931502978355,-119.577540027512,DI Water 60,60
28,14.0,342.15,311.65,30.5,0.6466132133076999,0.38125,-1240.2807558612972,-1129.7194141872665,-110.5613416740307,DI Water 60,60
29,14.5,344.15,313.15,31.0,0.6466132133076999,0.3875,-1247.5306799054956,-1135.1568572204155,-112.37382268508009,DI Water 60,60
30,15.0,344.81666666666666,314.15,30.66666666666667,0.6799437913132514,0.3833333333333334,-1105.8564034604644,-1007.505792876712,-98.35061058375254,DI Water 60,60
31,15.5,344.81666666666666,313.65,31.16666666666667,0.6799437913132514,0.3895833333333334,-1105.8564034604644,-1005.9022503128464,-99.95415314761806,DI Water 60,60
32,16.0,346.15,314.15,32.0,0.6799437913132514,0.4,-1110.1325169641057,-1007.505792876712,-102.62672408739375,DI Water 60,60
33,16.5,347.15,314.9,32.25,0.6799437913132514,0.403125,-1113.3396020918367,-1009.91110672251,-103.42849536932658,DI Water 60,60
34,17.0,348.4833333333333,315.15,33.33333333333333,0.713274369318803,0.4166666666666666,-978.9629232601188,-885.3225843381123,-93.64033892200666,DI Water 60,60
35,17.5,348.4833333333333,315.65,32.83333333333333,0.7466049473243546,0.4104166666666666,-846.643562453341,-766.8746678130865,-79.76889464025453,DI Water 60,60
36,18.0,348.81666666666666,316.4,32.41666666666667,0.7466049473243546,0.4052083333333334,-847.4533989471507,-768.6967999241583,-78.75659902299242,DI Water 60,60
37,18.5,348.4833333333333,317.65,30.83333333333333,0.7466049473243546,0.3854166666666666,-846.643562453341,-771.7336867759445,-74.90987567739649,DI Water 60,60
38,19.0,349.15,317.9,31.25,0.7799355253299061,0.390625,-721.4818154608325,-656.9069716024593,-64.57484385837324,DI Water 60,60
39,19.5,350.4833333333333,320.15,30.33333333333333,0.7799355253299061,0.3791666666666666,-724.2370087987897,-661.5563603602621,-62.68064843852756,DI Water 60,60
40,20.0,351.4833333333333,320.65,30.83333333333333,0.8132661033354576,0.3854166666666666,-604.0164219074729,-551.0300128539936,-52.98640905347929,DI Water 60,60
41,20.5,351.4833333333333,322.15,29.33333333333333,0.8132661033354576,0.3666666666666666,-604.0164219074729,-553.6077300511898,-50.4086918562831,DI Water 60,60
42,21.0,352.15,321.65,30.5,0.8465966813410092,0.38125,-487.5649371661194,-445.3365385190467,-42.22839864707271,DI Water 60,60
43,21.5,352.81666666666666,324.15,28.66666666666667,0.8465966813410092,0.3583333333333334,-488.48796227315927,-448.7978826704461,-39.690079602713126,DI Water 60,60
44,22.0,352.81666666666666,323.9,28.91666666666667,0.8465966813410092,0.3614583333333334,-488.48796227315927,-448.4517482553062,-40.03621401785307,DI Water 60,60
45,22.5,352.4833333333333,324.9,27.58333333333333,0.8799272593465607,0.3447916666666666,-374.8638794316239,-345.5291723315559,-29.334707100067988,DI Water 60,60
46,23.0,354.15,325.9,28.25,0.8799272593465607,0.353125,-376.6363692866129,-346.5926662445494,-30.043703042063555,DI Water 60,60
47,23.5,354.4833333333333,326.65,27.83333333333333,0.8799272593465607,0.3479166666666666,-376.9908672576107,-347.3902866792944,-29.60058057831634,DI Water 60,60
48,24.0,353.4833333333333,326.9,26.58333333333333,0.9132578373521122,0.3322916666666666,-266.66347176665465,-246.60933260555265,-20.05413916110203,DI Water 60,60
49,24.5,354.15,327.15,27.0,0.9465884153576638,0.3375,-161.62093537085252,-149.29913597790315,-12.321799392949371,DI Water 60,60
50,25.0,355.15,327.65,27.5,0.9465884153576638,0.34375,-162.07729831133213,-149.52731744814295,-12.549980863189177,DI Water 60,60
51,25.5,355.15,329.15,26.0,0.9465884153576638,0.325,-162.07729831133213,-150.21186185886236,-11.865436452469766,DI Water 60,60
52,26.0,356.81666666666666,329.9,26.91666666666667,0.9465884153576638,0.3364583333333334,-162.8379032121315,-150.55413406422207,-12.283769147909425,DI Water 60,60
53,26.5,356.4833333333333,329.65,26.83333333333333,0.9799189933632152,0.3354166666666666,-60.12183064898197,-55.59631999655031,-4.525510652431663,DI Water 60,60
54,27.0,356.81666666666666,331.65,25.16666666666667,0.9799189933632152,0.3145833333333334,-60.17804817261467,-55.93362513834646,-4.244423034268216,DI Water 60,60
55,27.5,356.81666666666666,331.65,25.16666666666667,0.9799189933632152,0.3145833333333334,-60.17804817261467,-55.93362513834646,-4.244423034268216,DI Water 60,60
56,28.0,355.4833333333333,330.9,24.58333333333333,0.9799189933632152,0.3072916666666666,-59.95317807808389,-55.80713571017289,-4.146042367911001,DI Water 60,60
57,28.5,357.4833333333333,332.65,24.83333333333333,1.0132495713687668,0.3104166666666666,39.12067128330557,36.40307138530915,2.717599897996422,DI Water 60,60
58,29.0,356.81666666666666,331.9,24.91666666666667,1.0132495713687668,0.3114583333333334,39.04771558134594,36.32099622060456,2.7267193607413773,DI Water 60,60
59,29.5,356.81666666666666,333.4,23.41666666666667,1.0132495713687668,0.2927083333333334,39.04771558134594,36.48514655001374,2.5625690313322025,DI Water 60,60
60,30.0,357.4833333333333,333.65,23.83333333333333,1.0132495713687668,0.2979166666666666,39.12067128330557,36.5125049382486,2.608166345056972,DI Water 60,60
61,30.5,357.15,334.4,22.75,1.0132495713687668,0.284375,39.08419343232576,36.5945801029532,2.48961332937256,DI Water 60,60
62,31.0,357.81666666666666,334.4,23.41666666666667,1.0132495713687668,0.2927083333333334,39.15714913428539,36.5945801029532,2.5625690313321954,DI Water 60,60
63,31.5,359.15,336.4,22.75,1.0132495713687668,0.284375,39.30306053820466,36.8134472088321,2.48961332937256,DI Water 60,60
64,32.0,359.4833333333333,336.9,22.58333333333333,1.0132495713687668,0.2822916666666666,39.33953838918448,36.86816398530182,2.471374403882656,DI Water 60,60
65,32.5,360.4833333333333,338.9,21.58333333333333,1.062285517730534,0.2697916666666666,181.09046981485815,170.24798248718508,10.842487327673098,DI Water 60,60
66,33.0,360.15,340.65,19.5,1.062285517730534,0.24375,180.9230182731181,171.12710308132074,9.79591519179732,DI Water 60,60
67,33.5,360.15,342.4,17.75,1.1113214640923017,0.221875,316.0464507271726,300.4700950409105,15.576355686262104,DI Water 60,60
68,34.0,360.4833333333333,344.65,15.833333333333329,1.1113214640923017,0.1979166666666666,316.33896444898033,302.4445626631127,13.894401785867617,DI Water 60,60
69,34.5,361.4833333333333,343.65,17.83333333333333,1.1113214640923017,0.2229166666666666,317.2165056144036,301.5670214976895,15.649484116714063,DI Water 60,60
70,35.0,361.81666666666666,343.65,18.16666666666667,1.1113214640923017,0.2270833333333334,317.50901933621134,301.5670214976895,15.941997838521845,DI Water 60,60
71,35.5,362.4833333333333,345.4,17.08333333333333,1.1113214640923017,0.2135416666666666,318.0940467798268,303.1027185371801,14.99132824264666,DI Water 60,60
72,36.0,362.81666666666666,346.15,16.66666666666667,1.1113214640923017,0.2083333333333334,318.3865605016345,303.7608744112475,14.625686090386978,DI Water 60,60
73,36.5,362.81666666666666,346.4,16.41666666666667,1.1603574104540693,0.2052083333333333,448.6319422401923,428.3323206173989,20.29962162279338,DI Water 60,60
74,37.0,363.4833333333333,347.4,16.08333333333333,1.1603574104540693,0.2010416666666666,449.456292356854,429.56884579239136,19.887446564462607,DI Water 60,60
75,37.5,362.81666666666666,349.4,13.416666666666671,1.1603574104540693,0.1677083333333334,448.6319422401923,432.04189614237634,16.590046097815957,DI Water 60,60
76,38.0,364.4833333333333,346.9,17.58333333333333,1.1603574104540693,0.2197916666666666,450.6928175318464,428.9505832048952,21.742234326951237,DI Water 60,60
77,38.5,364.15,347.15,17.0,1.1603574104540693,0.2125,450.2806424735156,429.2597144986432,21.020927974872397,DI Water 60,60
78,39.0,364.81666666666666,348.15,16.66666666666667,1.1603574104540693,0.2083333333333334,451.1049925901773,430.4962396736358,20.608752916541505,DI Water 60,60
79,39.5,365.15,348.65,16.5,1.1603574104540693,0.20625,451.51716764850806,431.114502261132,20.40266538737609,DI Water 60,60
80,40.0,365.4833333333333,347.9,17.58333333333333,1.1603574104540693,0.2197916666666666,451.9293427068389,430.18710837988766,21.742234326951237,DI Water 60,60
81,40.5,365.81666666666666,349.15,16.66666666666667,1.1603574104540693,0.2083333333333334,452.3415177651697,431.7327648486282,20.608752916541505,DI Water 60,60
82,41.0,366.15,349.65,16.5,1.1603574104540693,0.20625,452.7536928235006,432.3510274361245,20.40266538737609,DI Water 60,60
83,41.5,365.81666666666666,349.9,15.916666666666671,1.1603574104540693,0.1989583333333334,452.3415177651697,432.6601587298726,19.68135903529713,DI Water 60,60
84,42.0,366.15,349.4,16.75,1.2093933568158366,0.209375,578.7543875283137,552.2785279322485,26.47585959606522,DI Water 60,60
85,42.5,365.81666666666666,349.4,16.41666666666667,1.2093933568158366,0.2052083333333333,578.2275047502825,552.2785279322485,25.948976818034,DI Water 60,60
86,43.0,366.81666666666666,346.15,20.66666666666667,1.2093933568158366,0.2583333333333334,579.808153084376,547.1414208464448,32.66673223793123,DI Water 60,60
87,43.5,366.81666666666666,347.9,18.91666666666667,1.2093933568158366,0.2364583333333333,579.808153084376,549.9075554311083,29.90059765326771,DI Water 60,60
88,44.0,366.4833333333333,350.9,15.583333333333329,1.258429303177604,0.1947916666666666,700.3834679786993,670.602279995613,29.781187983086284,DI Water 60,60
89,44.5,366.4833333333333,349.9,16.58333333333333,1.258429303177604,0.2072916666666666,700.3834679786993,668.6911877186235,31.69228026007579,DI Water 60,60
90,45.0,366.4833333333333,349.15,17.33333333333333,1.258429303177604,0.2166666666666666,700.3834679786993,667.2578685108814,33.12559946781789,DI Water 60,60
91,45.5,366.81666666666666,349.4,17.41666666666667,1.258429303177604,0.2177083333333334,701.0204987376959,667.7356415801288,33.2848571575671,DI Water 60,60
92,46.0,366.81666666666666,349.65,17.16666666666667,1.258429303177604,0.2145833333333334,701.0204987376959,668.2134146493762,32.8070840883197,DI Water 60,60
93,46.5,367.15,349.65,17.5,1.258429303177604,0.21875,701.6575294966923,668.2134146493762,33.44411484731609,DI Water 60,60
94,47.0,367.15,350.15,17.0,1.258429303177604,0.2125,701.6575294966923,669.1689607878709,32.48856870882139,DI Water 60,60
95,47.5,366.81666666666666,350.9,15.916666666666671,1.258429303177604,0.1989583333333334,701.0204987376959,670.602279995613,30.4182187420829,DI Water 60,60
96,48.0,367.15,350.65,16.5,1.258429303177604,0.20625,701.6575294966923,670.1245069263657,31.53302257032658,DI Water 60,60
97,48.5,367.15,350.65,16.5,1.258429303177604,0.20625,701.6575294966923,670.1245069263657,31.53302257032658,DI Water 60,60
98,49.0,367.4833333333333,351.9,15.583333333333329,1.258429303177604,0.1947916666666666,702.2945602556888,672.5133722726025,29.781187983086284,DI Water 60,60
99,49.5,368.81666666666666,352.4,16.41666666666667,1.258429303177604,0.2052083333333333,704.8426832916748,673.4689184110973,31.37376488057748,DI Water 60,60
100,50.0,367.81666666666666,352.4,15.416666666666671,1.258429303177604,0.1927083333333334,702.9315910146853,673.4689184110973,29.462672603587976,DI Water 60,60
101,0.0,304.75,304.15,0.6000000000000014,0.4132991672688391,0.0075,-2238.728186679009,-2234.3205183869422,-4.407668292067228,DI Water 60,60
102,0.5,304.95,304.15,0.8000000000000007,0.4132991672688391,0.01,-2240.197409443032,-2234.3205183869422,-5.876891056089335,DI Water 60,60
103,1.0,305.75,304.4,1.3500000000000014,0.4132991672688391,0.016875,-2246.0743004991214,-2236.1570468419704,-9.917253657150924,DI Water 60,60
104,1.5,306.95,304.9,2.049999999999997,0.4132991672688391,0.0256249999999999,-2254.889637083255,-2239.8301037520264,-15.059533331228522,DI Water 60,60
105,2.0,308.75,305.15,3.6000000000000014,0.4132991672688391,0.045,-2268.112641959456,-2241.666632207054,-26.44600975240201,DI Water 60,60
106,2.5,310.75,305.65,5.100000000000001,0.4132991672688391,0.06375,-2282.804869599679,-2245.3396891171096,-37.465180482569394,DI Water 60,60
107,3.0,312.35,306.4,5.950000000000003,0.4132991672688391,0.074375,-2294.5586517118577,-2250.849274482194,-43.70937722966392,DI Water 60,60
108,3.5,314.35,306.9,7.450000000000003,0.4132991672688391,0.093125,-2309.2508793520806,-2254.5223313922493,-54.7285479598313,DI Water 60,60
109,4.0,316.15,307.9,8.25,0.4132991672688391,0.103125,-2322.4738842282813,-2261.868445212361,-60.60543901592018,DI Water 60,60
110,4.5,317.95,308.4,9.549999999999995,0.4132991672688391,0.1193749999999999,-2335.6968891044826,-2265.5415021224167,-70.15538698206592,DI Water 60,60
111,5.0,319.95,309.4,10.549999999999995,0.4132991672688391,0.1318749999999999,-2350.389116744706,-2272.887615942529,-77.50150080217736,DI Water 60,60
112,5.5,321.95,310.15,11.799999999999995,0.4132991672688391,0.1474999999999999,-2365.081344384929,-2278.397201307612,-86.684143077317,DI Water 60,60
113,6.0,323.54999999999995,311.15,12.4,0.4132991672688391,0.1549999999999999,-2376.8351264971075,-2285.743315127724,-91.09181136938378,DI Water 60,60
114,6.5,325.35,311.4,13.950000000000005,0.4132991672688391,0.174375,-2390.058131373308,-2287.5798435827514,-102.4782877905568,DI Water 60,60
115,7.0,326.95,312.15,14.799999999999995,0.4466297452743906,0.1849999999999999,-2190.988289008531,-2091.8091280440826,-99.17916096444831,DI Water 60,60
116,7.5,328.35,312.9,15.450000000000005,0.4466297452743906,0.193125,-2200.370101532195,-2096.8350990389026,-103.53500249329228,DI Water 60,60
117,8.0,329.95,313.9,16.049999999999997,0.4799603232799422,0.2006249999999999,-2013.6541593302172,-1915.702502238992,-97.9516570912258,DI Water 60,60
118,8.5,331.35,314.65,16.700000000000003,0.4799603232799422,0.20875,-2022.1982291076451,-1920.2796824768996,-101.91854663074604,DI Water 60,60
119,9.0,332.95,315.65,17.299999999999997,0.4799603232799422,0.2162499999999999,-2031.9628802818488,-1926.3825894607764,-105.58029082107214,DI Water 60,60
120,9.5,334.15,316.15,18.0,0.4799603232799422,0.225,-2039.286368662501,-1929.434042952715,-109.85232570978631,DI Water 60,60
121,10.0,335.75,316.65,19.1,0.4799603232799422,0.23875,-2049.051019836704,-1932.485496444653,-116.56552339205086,DI Water 60,60
122,10.5,336.95,317.9,19.05,0.4799603232799422,0.2381249999999999,-2056.3745082173564,-1940.1141301745,-116.2603780428567,DI Water 60,60
123,11.0,338.15,318.15,20.0,0.5132909012854937,0.25,-1874.9439638117292,-1764.0497474100302,-110.89421640169915,DI Water 60,60
124,11.5,339.75,319.15,20.599999999999994,0.5132909012854937,0.2574999999999999,-1883.8155011238655,-1769.5944582301152,-114.22104289375056,DI Water 60,60
125,12.0,340.95,319.9,21.05,0.5466214792910453,0.2631249999999999,-1712.129956723146,-1606.4243236713137,-105.70563305183236,DI Water 60,60
126,12.5,341.54999999999995,320.15,21.40000000000001,0.5466214792910453,0.2675,-1715.1429438885186,-1607.6797349902188,-107.46320889829984,DI Water 60,60
127,13.0,342.75,320.4,22.349999999999994,0.5466214792910453,0.2793749999999999,-1721.1689182192647,-1608.935146309124,-112.2337719101406,DI Water 60,60
128,13.5,343.75,320.9,22.849999999999994,0.5799520572965968,0.2856249999999999,-1557.0324683657836,-1453.5322737413237,-103.50019462446016,DI Water 60,60
129,14.0,344.75,321.65,23.099999999999994,0.6132826353021483,0.2887499999999999,-1401.394569670867,-1307.4940198249003,-93.90054984596668,DI Water 60,60
130,14.5,345.95,321.9,24.05,0.6132826353021483,0.300625,-1406.272520312216,-1308.510259541848,-97.7622607703679,DI Water 60,60
131,15.0,346.54999999999995,322.15,24.40000000000001,0.6132826353021483,0.305,-1408.7114956328903,-1309.5264992587956,-99.18499637409468,DI Water 60,60
132,15.5,347.35,322.9,24.450000000000003,0.6132826353021483,0.305625,-1411.963462727123,-1312.5752184096389,-99.38824431748412,DI Water 60,60
133,16.0,347.75,323.4,24.349999999999994,0.6132826353021483,0.3043749999999999,-1413.5894462742394,-1314.6076978435342,-98.98174843070524,DI Water 60,60
134,16.5,348.95,323.9,25.05,0.6466132133076999,0.313125,-1264.9304976115727,-1174.1251989579837,-90.80529865358903,DI Water 60,60
135,17.0,349.54999999999995,324.4,25.15000000000001,0.6466132133076999,0.314375,-1267.105474824832,-1175.9376799690333,-91.16779485579876,DI Water 60,60
136,17.5,349.54999999999995,325.15,24.40000000000001,0.6799437913132514,0.305,-1121.036606398391,-1042.7837292817535,-78.25287711663759,DI Water 60,60
137,18.0,350.35,325.65,24.700000000000003,0.6799437913132514,0.30875,-1123.6022745005762,-1044.3872718456191,-79.21500265495706,DI Water 60,60
138,18.5,351.15,326.4,24.75,0.6799437913132514,0.309375,-1126.167942602761,-1046.7925856914171,-79.37535691134372,DI Water 60,60
139,19.0,348.15,328.9,19.25,0.6799437913132514,0.240625,-1116.546687219568,-1054.810298510745,-61.73638870882292,DI Water 60,60
140,19.5,350.15,328.65,21.5,0.713274369318803,0.26875,-983.6449402062192,-923.246921601525,-60.39801860469424,DI Water 60,60
141,20.0,351.54999999999995,328.15,23.40000000000001,0.713274369318803,0.2925000000000001,-987.5778344409435,-921.8423165176948,-65.73551792324872,DI Water 60,60
142,20.5,352.54999999999995,328.4,24.15000000000001,0.7466049473243546,0.301875,-856.5235676778191,-797.8509137013071,-58.67265397651192,DI Water 60,60
143,21.0,353.15,329.15,24.0,0.7466049473243546,0.3,-857.9812733666766,-799.6730458123789,-58.30822755429779,DI Water 60,60
144,21.5,353.75,329.4,24.349999999999994,0.7466049473243546,0.3043749999999999,-859.4389790555341,-800.2804231827362,-59.15855587279793,DI Water 60,60
145,22.0,354.35,330.15,24.200000000000003,0.7799355253299061,0.3025,-732.2270694788658,-682.2203103949416,-50.00675908392418,DI Water 60,60
146,22.5,355.15,330.4,24.75,0.7799355253299061,0.309375,-733.8801854816402,-682.7369091458087,-51.1432763358315,DI Water 60,60
147,23.0,355.35,330.9,24.450000000000003,0.8132661033354576,0.305625,-610.6612040158011,-568.6444137015015,-42.01679031429956,DI Water 60,60
148,23.5,356.15,331.65,24.5,0.8132661033354576,0.30625,-612.0359865209724,-569.9332723000998,-42.1027142208726,DI Water 60,60
149,24.0,356.35,331.65,24.700000000000003,0.8132661033354576,0.30875,-612.3796821472653,-569.9332723000998,-42.446409847165455,DI Water 60,60
150,24.5,356.35,332.15,24.200000000000003,0.8132661033354576,0.3025,-612.3796821472653,-570.7925113658318,-41.58717078143343,DI Water 60,60
151,25.0,357.15,332.9,24.25,0.8132661033354576,0.303125,-613.7544646524367,-572.08136996443,-41.6730946880067,DI Water 60,60
152,25.5,357.54999999999995,332.9,24.65000000000001,0.8132661033354576,0.3081250000000001,-614.4418559050223,-572.08136996443,-42.3604859405923,DI Water 60,60
153,26.0,357.54999999999995,333.15,24.40000000000001,0.8465966813410092,0.305,-495.0414405331421,-461.258721615484,-33.78271891765809,DI Water 60,60
154,26.5,357.95,333.65,24.3,0.8465966813410092,0.3037499999999999,-495.595255597366,-461.9509904457639,-33.64426515160216,DI Water 60,60
155,27.0,358.75,333.65,25.099999999999994,0.8799272593465607,0.3137499999999999,-381.5284412863826,-354.8347440702482,-26.69369721613441,DI Water 60,60
156,27.5,358.54999999999995,334.15,24.40000000000001,0.8799272593465607,0.305,-381.31574250378384,-355.36649102674494,-25.9492514770389,DI Water 60,60
157,28.0,358.95,334.15,24.8,0.8799272593465607,0.3099999999999999,-381.7411400689813,-355.36649102674494,-26.374649042236346,DI Water 60,60
158,28.5,359.15,334.65,24.5,0.9132578373521122,0.30625,-270.93833528688964,-252.45583712587396,-18.482498161015712,DI Water 60,60
159,29.0,359.75,334.65,25.099999999999994,0.9132578373521122,0.3137499999999999,-271.3909678949145,-252.45583712587396,-18.9351307690406,DI Water 60,60
160,29.5,359.95,334.65,25.3,0.9132578373521122,0.31625,-271.5418454309228,-252.45583712587396,-19.08600830504889,DI Water 60,60
161,30.0,360.35,334.65,25.700000000000003,0.9132578373521122,0.32125,-271.8436005029393,-252.45583712587396,-19.387763377065426,DI Water 60,60
162,30.5,360.35,335.65,24.700000000000003,0.9132578373521122,0.30875,-271.8436005029393,-253.21022480591537,-18.63337569702398,DI Water 60,60
163,31.0,360.35,335.65,24.700000000000003,0.9132578373521122,0.30875,-271.8436005029393,-253.21022480591537,-18.63337569702398,DI Water 60,60
164,31.5,360.35,336.4,23.950000000000003,0.9465884153576638,0.299375,-164.45038560182607,-153.52049317733952,-10.929892424486551,DI Water 60,60
165,32.0,361.35,336.4,24.950000000000003,0.9465884153576638,0.311875,-164.90674854230568,-153.52049317733952,-11.38625536496616,DI Water 60,60
166,32.5,361.35,336.4,24.950000000000003,0.9465884153576638,0.311875,-164.90674854230568,-153.52049317733952,-11.38625536496616,DI Water 60,60
167,33.0,361.75,336.9,24.849999999999994,0.9465884153576638,0.3106249999999999,-165.08929371849754,-153.7486746475793,-11.340619070918253,DI Water 60,60
168,33.5,361.75,336.9,24.849999999999994,0.9465884153576638,0.3106249999999999,-165.08929371849754,-153.7486746475793,-11.340619070918253,DI Water 60,60
169,34.0,361.75,336.65,25.099999999999994,0.9465884153576638,0.3137499999999999,-165.08929371849754,-153.6345839124594,-11.454709806038151,DI Water 60,60
170,34.5,361.75,336.9,24.849999999999994,0.9465884153576638,0.3106249999999999,-165.08929371849754,-153.7486746475793,-11.340619070918253,DI Water 60,60
171,35.0,361.75,337.15,24.599999999999994,0.9465884153576638,0.3074999999999999,-165.08929371849754,-153.86276538269922,-11.22652833579832,DI Water 60,60
172,35.5,362.35,337.9,24.450000000000003,0.9465884153576638,0.305625,-165.36311148278529,-154.20503758805893,-11.158073894726355,DI Water 60,60
173,36.0,362.35,338.15,24.200000000000003,0.9465884153576638,0.3025,-165.36311148278529,-154.3191283231788,-11.043983159606483,DI Water 60,60
174,36.5,362.35,338.4,23.950000000000003,0.9465884153576638,0.299375,-165.36311148278529,-154.4332190582987,-10.929892424486582,DI Water 60,60
175,37.0,362.75,338.15,24.599999999999994,0.9465884153576638,0.3074999999999999,-165.54565665897712,-154.3191283231788,-11.22652833579832,DI Water 60,60
176,37.5,362.95,338.9,24.05,0.9465884153576638,0.300625,-165.63692924707306,-154.66140052853854,-10.97552871853452,DI Water 60,60
177,38.0,362.95,338.9,24.05,0.9799189933632152,0.300625,-61.21245060745619,-57.156356277357496,-4.056094330098695,DI Water 60,60
178,38.5,362.75,339.15,23.599999999999994,0.9799189933632152,0.2949999999999999,-61.178720093276574,-57.198519420082015,-3.98020067319456,DI Water 60,60
179,39.0,362.75,338.65,24.099999999999994,0.9799189933632152,0.3012499999999999,-61.178720093276574,-57.11419313463298,-4.064526958643597,DI Water 60,60
180,39.5,362.75,339.15,23.599999999999994,0.9799189933632152,0.2949999999999999,-61.178720093276574,-57.198519420082015,-3.98020067319456,DI Water 60,60
181,40.0,362.75,338.4,24.349999999999994,0.9799189933632152,0.3043749999999999,-61.178720093276574,-57.07202999190846,-4.106690101368116,DI Water 60,60
182,40.5,362.15,337.9,24.25,0.9799189933632152,0.303125,-61.07752855073773,-56.98770370645943,-4.089824844278304,DI Water 60,60
183,41.0,362.15,337.9,24.25,0.9799189933632152,0.303125,-61.07752855073773,-56.98770370645943,-4.089824844278304,DI Water 60,60
184,41.5,362.55,338.65,23.90000000000001,0.9799189933632152,0.29875,-61.14498957909696,-57.11419313463298,-4.030796444463981,DI Water 60,60
185,42.0,362.55,338.9,23.65000000000001,0.9799189933632152,0.2956250000000001,-61.14498957909696,-57.156356277357496,-3.988633301739462,DI Water 60,60
186,42.5,363.15,339.15,24.0,0.9799189933632152,0.3,-61.24618112163581,-57.198519420082015,-4.047661701553793,DI Water 60,60
187,43.0,362.95,339.4,23.55,0.9799189933632152,0.2943749999999999,-61.21245060745619,-57.24068256280653,-3.971768044649657,DI Water 60,60
188,43.5,363.55,339.65,23.90000000000001,0.9799189933632152,0.29875,-61.31364214999503,-57.282845705531045,-4.030796444463988,DI Water 60,60
189,44.0,363.75,340.4,23.349999999999994,0.9799189933632152,0.2918749999999999,-61.34737266417466,-57.40933513370461,-3.938037530470048,DI Water 60,60
190,44.5,363.95,340.4,23.55,1.0132495713687668,0.2943749999999999,39.82834159231404,37.25118142058991,2.577160171724131,DI Water 60,60
191,45.0,364.15,341.4,22.75,1.0132495713687668,0.284375,39.850228302901925,37.360614973529366,2.48961332937256,DI Water 60,60
192,45.5,363.75,341.15,22.599999999999994,1.0132495713687668,0.2824999999999999,39.80645488172616,37.3332565852945,2.4731982964316543,DI Water 60,60
193,46.0,364.15,341.15,23.0,1.0132495713687668,0.2875,39.850228302901925,37.3332565852945,2.5169717176074258,DI Water 60,60
194,46.5,363.95,340.9,23.05,1.0132495713687668,0.2881249999999999,39.82834159231404,37.30589819705964,2.522443395254399,DI Water 60,60
195,47.0,364.55,341.15,23.40000000000001,1.0132495713687668,0.2925000000000001,39.8940017240777,37.3332565852945,2.5607451387832043,DI Water 60,60
196,47.5,364.75,341.9,22.849999999999994,1.0132495713687668,0.2856249999999999,39.9158884346656,37.41533174999909,2.5005566846665133,DI Water 60,60
197,48.0,364.55,341.4,23.15000000000001,1.0132495713687668,0.289375,39.8940017240777,37.360614973529366,2.5333867505483383,DI Water 60,60
198,48.5,363.95,340.4,23.55,1.0132495713687668,0.2943749999999999,39.82834159231404,37.25118142058991,2.577160171724131,DI Water 60,60
199,49.0,363.15,340.4,22.75,1.0132495713687668,0.284375,39.74079474996248,37.25118142058991,2.489613329372567,DI Water 60,60
200,49.5,363.75,340.65,23.099999999999994,1.0132495713687668,0.2887499999999999,39.80645488172616,37.278539808824775,2.5279150729013797,DI Water 60,60
201,50.0,363.95,340.4,23.55,1.0132495713687668,0.2943749999999999,39.82834159231404,37.25118142058991,2.577160171724131,DI Water 60,60
202,50.5,363.95,340.15,23.8,1.0132495713687668,0.2975,39.82834159231404,37.22382303235505,2.60451855995899,DI Water 60,60
203,51.0,364.35,340.4,23.950000000000003,1.0132495713687668,0.299375,39.87211501348982,37.25118142058991,2.6209335928999096,DI Water 60,60
204,51.5,364.35,339.9,24.450000000000003,1.0132495713687668,0.305625,39.87211501348982,37.19646464412018,2.6756503693696345,DI Water 60,60
205,52.0,364.95,340.65,24.3,1.0132495713687668,0.3037499999999999,39.9377751452535,37.278539808824775,2.659235336428722,DI Water 60,60
206,52.5,364.55,340.4,24.15000000000001,1.0132495713687668,0.301875,39.8940017240777,37.25118142058991,2.6428203034877957,DI Water 60,60
207,53.0,364.95,340.9,24.05,1.0132495713687668,0.300625,39.9377751452535,37.30589819705964,2.631876948193856,DI Water 60,60
208,53.5,364.15,341.9,22.25,1.0132495713687668,0.278125,39.850228302901925,37.41533174999909,2.434896552902835,DI Water 60,60
209,54.0,364.35,341.4,22.950000000000003,1.0132495713687668,0.286875,39.87211501348982,37.360614973529366,2.511500039960453,DI Water 60,60
210,54.5,364.55,342.15,22.40000000000001,1.0132495713687668,0.2800000000000001,39.8940017240777,37.44269013823396,2.4513115858437478,DI Water 60,60
211,55.0,364.15,342.4,21.75,1.0132495713687668,0.271875,39.850228302901925,37.47004852646882,2.3801797764331027,DI Water 60,60
212,55.5,364.55,341.9,22.65000000000001,1.0132495713687668,0.283125,39.8940017240777,37.41533174999909,2.4786699740786133,DI Water 60,60
213,56.0,364.55,342.4,22.15000000000001,1.0132495713687668,0.2768750000000001,39.8940017240777,37.47004852646882,2.4239531976088813,DI Water 60,60
214,56.5,364.55,342.4,22.15000000000001,1.0132495713687668,0.2768750000000001,39.8940017240777,37.47004852646882,2.4239531976088813,DI Water 60,60
215,57.0,364.75,342.15,22.599999999999994,1.0132495713687668,0.2824999999999999,39.9158884346656,37.44269013823396,2.4731982964316472,DI Water 60,60
216,57.5,364.55,342.15,22.40000000000001,1.0132495713687668,0.2800000000000001,39.8940017240777,37.44269013823396,2.4513115858437478,DI Water 60,60
217,58.0,364.95,342.9,22.05,1.0132495713687668,0.2756249999999999,39.9377751452535,37.52476530293854,2.413009842314956,DI Water 60,60
218,58.5,364.55,342.4,22.15000000000001,1.0132495713687668,0.2768750000000001,39.8940017240777,37.47004852646882,2.4239531976088813,DI Water 60,60
219,59.0,364.55,342.4,22.15000000000001,1.0132495713687668,0.2768750000000001,39.8940017240777,37.47004852646882,2.4239531976088813,DI Water 60,60
220,59.5,364.75,342.65,22.099999999999994,1.0132495713687668,0.2762499999999999,39.9158884346656,37.49740691470368,2.4184815199619223,DI Water 60,60
221,60.0,364.95,342.65,22.3,1.0132495713687668,0.2787499999999999,39.9377751452535,37.49740691470368,2.440368230549815,DI Water 60,60
222,0.0,303.75,303.15,0.6000000000000014,0.3799685892632876,0.0075,-2443.7236851922617,-2438.8965766783017,-4.827108513959956,DI Water 60,60
223,0.5,303.95,303.15,0.8000000000000007,0.3799685892632876,0.01,-2445.3327213635816,-2438.8965766783017,-6.436144685279942,DI Water 60,60
224,1.0,303.95,303.15,0.8000000000000007,0.3799685892632876,0.01,-2445.3327213635816,-2438.8965766783017,-6.436144685279942,DI Water 60,60
225,1.5,304.95,303.15,1.8000000000000007,0.3799685892632876,0.0225,-2453.3779022201816,-2438.8965766783017,-14.481325541879867,DI Water 60,60
226,2.0,306.35,303.4,2.950000000000003,0.3799685892632876,0.036875,-2464.641155419421,-2440.907871892452,-23.7332835269699,DI Water 60,60
227,2.5,307.75,304.15,3.6000000000000014,0.3799685892632876,0.045,-2475.904408618662,-2446.941757534901,-28.962651083760647,DI Water 60,60
228,3.0,309.35,304.9,4.450000000000003,0.3799685892632876,0.055625,-2488.7766979892217,-2452.975643177352,-35.80105481187002,DI Water 60,60
229,3.5,311.15,305.4,5.75,0.3799685892632876,0.071875,-2503.258023531102,-2456.9982336056514,-46.259789925450605,DI Water 60,60
230,4.0,313.15,306.15,7.0,0.3799685892632876,0.0875,-2519.348385244302,-2463.032119248101,-56.3162659962004,DI Water 60,60
231,4.5,314.95,306.9,8.049999999999997,0.3799685892632876,0.1006249999999999,-2533.8297107861817,-2469.0660048905515,-64.76370589563021,DI Water 60,60
232,5.0,316.95,307.65,9.299999999999995,0.3799685892632876,0.1162499999999999,-2549.920072499382,-2475.0998905330016,-74.82018196638046,DI Water 60,60
233,5.5,318.54999999999995,308.65,9.9,0.3799685892632876,0.1237499999999999,-2562.792361869942,-2483.145071389601,-79.64729048034042,DI Water 60,60
234,6.0,320.35,309.15,11.200000000000005,0.3799685892632876,0.14,-2577.273687411822,-2487.1676618179017,-90.1060255939201,DI Water 60,60
235,6.5,322.35,310.4,11.950000000000005,0.3799685892632876,0.149375,-2593.364049125022,-2497.2241378886515,-96.1399112363706,DI Water 60,60
236,7.0,323.95,311.15,12.799999999999995,0.4132991672688391,0.1599999999999999,-2379.773572025152,-2285.743315127724,-94.03025689742844,DI Water 60,60
237,7.5,325.35,311.65,13.700000000000005,0.4132991672688391,0.17125,-2390.058131373308,-2289.416372037779,-100.64175933552906,DI Water 60,60
238,8.0,326.95,312.4,14.549999999999995,0.4132991672688391,0.1818749999999999,-2401.811913485487,-2294.925957402864,-106.88595608262358,DI Water 60,60
239,8.5,328.54999999999995,313.4,15.15,0.4132991672688391,0.189375,-2413.565695597665,-2302.272071222975,-111.29362437469037,DI Water 60,60
240,9.0,330.15,313.9,16.25,0.4466297452743906,0.203125,-2212.4324319197626,-2103.536393698663,-108.89603822109984,DI Water 60,60
241,9.5,331.75,314.65,17.1,0.4466297452743906,0.21375,-2223.1545033753787,-2108.562364693483,-114.5921386818959,DI Water 60,60
242,10.0,332.95,315.4,17.549999999999997,0.4466297452743906,0.2193749999999999,-2231.196056967091,-2113.588335688303,-117.60772127878818,DI Water 60,60
243,10.5,334.35,316.15,18.200000000000003,0.4799603232799422,0.2275,-2040.5069500592765,-1929.434042952715,-111.07290710656162,DI Water 60,60
244,11.0,335.35,316.65,18.700000000000003,0.4799603232799422,0.23375,-2046.6098570431527,-1932.485496444653,-114.12436059849983,DI Water 60,60
245,11.5,336.54999999999995,317.15,19.4,0.4799603232799422,0.2425,-2053.9333454238053,-1935.536949936592,-118.3963954872138,DI Water 60,60
246,12.0,337.95,318.15,19.8,0.4799603232799422,0.2474999999999999,-2062.4774152012337,-1941.639856920469,-120.83755828076482,DI Water 60,60
247,12.5,338.95,318.4,20.55,0.5132909012854937,0.2568749999999999,-1879.3797324677976,-1765.4359251150518,-113.9438073527458,DI Water 60,60
248,13.0,340.35,319.15,21.200000000000003,0.5132909012854937,0.265,-1887.1423276159164,-1769.5944582301152,-117.54786938580128,DI Water 60,60
249,13.5,340.95,319.9,21.05,0.5466214792910453,0.2631249999999999,-1712.129956723146,-1606.4243236713137,-105.70563305183236,DI Water 60,60
250,14.0,341.95,320.4,21.55,0.5466214792910453,0.269375,-1717.151601998767,-1608.935146309124,-108.21645568964324,DI Water 60,60
251,14.5,342.95,320.9,22.05,0.5799520572965968,0.2756249999999999,-1553.4088291666776,-1453.5322737413237,-99.87655542535413,DI Water 60,60
252,15.0,343.75,320.9,22.849999999999994,0.5799520572965968,0.2856249999999999,-1557.0324683657836,-1453.5322737413237,-103.50019462446016,DI Water 60,60
253,15.5,345.15,321.9,23.25,0.6132826353021483,0.290625,-1403.0205532179834,-1308.510259541848,-94.51029367613546,DI Water 60,60
254,16.0,345.75,322.15,23.599999999999994,0.6132826353021483,0.2949999999999999,-1405.459528538658,-1309.5264992587956,-95.93302927986248,DI Water 60,60
255,16.5,346.75,322.9,23.849999999999994,0.6132826353021483,0.2981249999999999,-1409.5244874064488,-1312.5752184096389,-96.9492689968099,DI Water 60,60
256,17.0,346.95,323.15,23.8,0.6132826353021483,0.2975,-1410.3374791800068,-1313.5914581265863,-96.74602105342046,DI Water 60,60
257,17.5,347.54999999999995,323.15,24.40000000000001,0.6466132133076999,0.305,-1259.8555507806336,-1171.406477441409,-88.4490733392247,DI Water 60,60
258,18.0,348.75,324.15,24.599999999999994,0.6799437913132514,0.3074999999999999,-1118.470938296207,-1039.5766441540225,-78.89429414218421,DI Water 60,60
259,18.5,349.15,324.4,24.75,0.6799437913132514,0.309375,-1119.753772347299,-1040.3784154359553,-79.37535691134372,DI Water 60,60
260,19.0,349.54999999999995,324.9,24.65000000000001,0.6799437913132514,0.3081250000000001,-1121.036606398391,-1041.981957999821,-79.05464839857041,DI Water 60,60
261,19.5,349.95,325.15,24.8,0.6799437913132514,0.3099999999999999,-1122.319440449484,-1042.7837292817535,-79.53571116773037,DI Water 60,60
262,20.0,347.35,327.65,19.700000000000003,0.713274369318803,0.24625,-975.7791517367708,-920.4377114338648,-55.341440302906,DI Water 60,60
263,20.5,349.95,328.15,21.8,0.713274369318803,0.2724999999999999,-983.0830981726872,-921.8423165176948,-61.24078165499248,DI Water 60,60
264,21.0,350.95,328.9,22.05,0.7466049473243546,0.2756249999999999,-852.6363525075327,-799.0656684420217,-53.570684065511045,DI Water 60,60
265,21.5,349.35,331.15,18.200000000000003,0.7466049473243546,0.2275,-848.7491373372462,-804.532064775237,-44.21707256200921,DI Water 60,60
266,22.0,350.95,330.15,20.8,0.7466049473243546,0.2599999999999999,-852.6363525075327,-802.102555293808,-50.53379721372471,DI Water 60,60
267,22.5,352.15,329.9,22.25,0.7466049473243546,0.278125,-855.5517638852476,-801.4951779234508,-54.05658596179683,DI Water 60,60
268,23.0,352.95,329.9,23.05,0.7466049473243546,0.2881249999999999,-857.4953714703909,-801.4951779234508,-56.00019354694007,DI Water 60,60
269,23.5,353.15,329.4,23.75,0.7799355253299061,0.296875,-729.7473954747043,-680.6705141423406,-49.076881332363655,DI Water 60,60
270,24.0,353.75,330.65,23.099999999999994,0.7799355253299061,0.2887499999999999,-730.987232476785,-683.2535078966755,-47.73372458010954,DI Water 60,60
271,24.5,354.15,331.15,23.0,0.8132661033354576,0.2875,-608.5990302580441,-569.0740332343677,-39.524997023676406,DI Water 60,60
272,25.0,354.54999999999995,331.4,23.15000000000001,0.8132661033354576,0.289375,-609.2864215106298,-569.5036527672337,-39.782768743396105,DI Water 60,60
273,25.5,354.54999999999995,331.65,22.90000000000001,0.8132661033354576,0.28625,-609.2864215106298,-569.9332723000998,-39.35314921052998,DI Water 60,60
274,26.0,354.95,332.65,22.3,0.8132661033354576,0.2787499999999999,-609.9738127632154,-571.651750431564,-38.32206233165141,DI Water 60,60
275,26.5,355.54999999999995,332.65,22.90000000000001,0.8132661033354576,0.28625,-611.0048996420938,-571.651750431564,-39.35314921052986,DI Water 60,60
276,27.0,355.95,332.9,23.05,0.8132661033354576,0.2881249999999999,-611.6922908946797,-572.08136996443,-39.61092093024968,DI Water 60,60
277,27.5,355.95,333.4,22.55,0.8132661033354576,0.281875,-611.6922908946797,-572.9406090301621,-38.751681864517536,DI Water 60,60
278,28.0,356.54999999999995,333.9,22.65000000000001,0.8132661033354576,0.283125,-612.7233777735581,-573.7998480958942,-38.92352967766397,DI Water 60,60
279,28.5,356.54999999999995,334.9,21.65000000000001,0.8132661033354576,0.270625,-612.7233777735581,-575.5183262273584,-37.20505154619968,DI Water 60,60
280,29.0,356.54999999999995,334.9,21.65000000000001,0.8132661033354576,0.270625,-612.7233777735581,-575.5183262273584,-37.20505154619968,DI Water 60,60
281,29.5,356.95,335.4,21.55,0.8132661033354576,0.269375,-613.4107690261438,-576.3775652930905,-37.03320373305337,DI Water 60,60
282,30.0,357.35,335.9,21.450000000000003,0.8465966813410092,0.268125,-494.7645330010301,-465.06620018202335,-29.698332819006797,DI Water 60,60
283,30.5,357.54999999999995,336.15,21.40000000000001,0.8465966813410092,0.2675,-495.0414405331421,-465.4123345971633,-29.629105935978828,DI Water 60,60
284,31.0,357.75,335.9,21.849999999999994,0.8465966813410092,0.2731249999999999,-495.31834806525416,-465.06620018202335,-30.252147883230805,DI Water 60,60
285,31.5,357.54999999999995,336.15,21.40000000000001,0.8465966813410092,0.2675,-495.0414405331421,-465.4123345971633,-29.629105935978828,DI Water 60,60
286,32.0,358.35,336.65,21.700000000000003,0.8465966813410092,0.27125,-496.14907066159,-466.1046034274431,-30.04446723414685,DI Water 60,60
287,32.5,357.95,336.65,21.3,0.8465966813410092,0.26625,-495.595255597366,-466.1046034274431,-29.490652169922896,DI Water 60,60
288,33.0,358.75,337.15,21.599999999999994,0.8465966813410092,0.2699999999999999,-496.7028857258138,-466.796872257723,-29.906013468090865,DI Water 60,60
289,33.5,358.75,337.9,20.849999999999994,0.8799272593465607,0.2606249999999999,-381.5284412863826,-359.3545932004702,-22.17384808591237,DI Water 60,60
290,34.0,359.15,337.65,21.5,0.8799272593465607,0.26875,-381.9538388515799,-359.0887197222218,-22.865119129358103,DI Water 60,60
291,34.5,359.54999999999995,338.4,21.15000000000001,0.8799272593465607,0.2643750000000001,-382.3792364167773,-359.88634015696687,-22.49289625981044,DI Water 60,60
292,35.0,359.15,337.9,21.25,0.8799272593465607,0.265625,-381.9538388515799,-359.3545932004702,-22.599245651109698,DI Water 60,60
293,35.5,359.15,338.65,20.5,0.8799272593465607,0.25625,-381.9538388515799,-360.1522136352152,-21.801625216364695,DI Water 60,60
294,36.0,359.15,339.15,20.0,0.8799272593465607,0.25,-381.9538388515799,-360.6839605917119,-21.269878259867998,DI Water 60,60
295,36.5,359.54999999999995,339.15,20.40000000000001,0.8799272593465607,0.255,-382.3792364167773,-360.6839605917119,-21.69527582506538,DI Water 60,60
296,37.0,360.15,339.15,21.0,0.8799272593465607,0.2625,-383.0173327645734,-360.6839605917119,-22.33337217286146,DI Water 60,60
297,37.5,359.75,339.15,20.599999999999994,0.8799272593465607,0.2574999999999999,-382.591935199376,-360.6839605917119,-21.907974607664077,DI Water 60,60
298,38.0,360.15,340.15,20.0,0.8799272593465607,0.25,-383.0173327645734,-361.7474545047053,-21.26987825986805,DI Water 60,60
299,38.5,360.15,340.15,20.0,0.9132578373521122,0.25,-271.6927229669311,-256.60496936610195,-15.08775360082916,DI Water 60,60
300,39.0,361.55,340.4,21.15000000000001,0.9132578373521122,0.2643750000000001,-272.7488657189891,-256.7935662861123,-15.955299432876814,DI Water 60,60
301,39.5,360.75,339.9,20.849999999999994,0.9132578373521122,0.2606249999999999,-272.145355574956,-256.41637244609154,-15.728983128864456,DI Water 60,60
302,40.0,361.35,339.9,21.450000000000003,0.9132578373521122,0.268125,-272.5979881829809,-256.41637244609154,-16.18161573688934,DI Water 60,60
303,40.5,361.55,341.15,20.40000000000001,0.9465884153576638,0.255,-164.99802113040158,-155.68821714461762,-9.309803985783958,DI Water 60,60
304,41.0,361.55,340.9,20.65000000000001,0.9465884153576638,0.258125,-164.99802113040158,-155.57412640949775,-9.423894720903832,DI Water 60,60
305,41.5,361.75,341.4,20.349999999999994,0.9465884153576638,0.2543749999999999,-165.08929371849754,-155.80230787973753,-9.286985838760016,DI Water 60,60
306,42.0,361.95,341.9,20.05,0.9465884153576638,0.250625,-165.18056630659345,-156.03048934997736,-9.15007695661609,DI Water 60,60
307,42.5,362.15,342.4,19.75,0.9465884153576638,0.246875,-165.27183889468935,-156.25867082021716,-9.01316807447219,DI Water 60,60
308,43.0,362.15,341.9,20.25,0.9465884153576638,0.253125,-165.27183889468935,-156.03048934997736,-9.241349544711994,DI Water 60,60
309,43.5,361.75,340.9,20.849999999999994,0.9465884153576638,0.2606249999999999,-165.08929371849754,-155.57412640949775,-9.515167308999793,DI Water 60,60
310,44.0,361.75,341.15,20.599999999999994,0.9465884153576638,0.2574999999999999,-165.08929371849754,-155.68821714461762,-9.40107657387992,DI Water 60,60
311,44.5,361.55,341.65,19.90000000000001,0.9465884153576638,0.24875,-164.99802113040158,-155.91639861485743,-9.081622515544154,DI Water 60,60
312,45.0,361.75,341.65,20.099999999999994,0.9465884153576638,0.2512499999999999,-165.08929371849754,-155.91639861485743,-9.172895103640116,DI Water 60,60
313,45.5,362.55,341.65,20.90000000000001,0.9465884153576638,0.2612500000000001,-165.45438407088122,-155.91639861485743,-9.53798545602379,DI Water 60,60
314,46.0,362.55,342.15,20.40000000000001,0.9465884153576638,0.255,-165.45438407088122,-156.14458008509726,-9.309803985783958,DI Water 60,60
315,46.5,362.15,341.65,20.5,0.9465884153576638,0.25625,-165.27183889468935,-155.91639861485743,-9.355440279831924,DI Water 60,60
316,47.0,361.95,341.4,20.55,0.9465884153576638,0.2568749999999999,-165.18056630659345,-155.80230787973753,-9.378258426855922,DI Water 60,60
317,47.5,362.35,340.9,21.450000000000003,0.9465884153576638,0.268125,-165.36311148278529,-155.57412640949775,-9.788985073287536,DI Water 60,60
318,48.0,362.55,340.9,21.65000000000001,0.9465884153576638,0.270625,-165.45438407088122,-155.57412640949775,-9.880257661383467,DI Water 60,60
319,48.5,362.75,341.4,21.349999999999994,0.9465884153576638,0.2668749999999999,-165.54565665897712,-155.80230787973753,-9.743348779239597,DI Water 60,60
320,49.0,362.75,341.9,20.849999999999994,0.9465884153576638,0.2606249999999999,-165.54565665897712,-156.03048934997736,-9.515167308999764,DI Water 60,60
321,49.5,362.75,341.9,20.849999999999994,0.9465884153576638,0.2606249999999999,-165.54565665897712,-156.03048934997736,-9.515167308999764,DI Water 60,60
322,50.0,362.35,341.4,20.950000000000003,0.9465884153576638,0.261875,-165.36311148278529,-155.80230787973753,-9.56080360304776,DI Water 60,60
323,50.5,362.95,342.4,20.55,0.9465884153576638,0.2568749999999999,-165.63692924707306,-156.25867082021716,-9.378258426855894,DI Water 60,60
324,51.0,362.95,342.4,20.55,0.9465884153576638,0.2568749999999999,-165.63692924707306,-156.25867082021716,-9.378258426855894,DI Water 60,60
325,51.5,362.55,342.15,20.40000000000001,0.9465884153576638,0.255,-165.45438407088122,-156.14458008509726,-9.309803985783958,DI Water 60,60
326,52.0,362.95,342.15,20.8,0.9465884153576638,0.2599999999999999,-165.63692924707306,-156.14458008509726,-9.492349161975795,DI Water 60,60
327,52.5,363.35,341.15,22.200000000000003,0.9465884153576638,0.2775,-165.8194744232649,-155.68821714461762,-10.131257278647269,DI Water 60,60
328,53.0,362.55,340.9,21.65000000000001,0.9465884153576638,0.270625,-165.45438407088122,-155.57412640949775,-9.880257661383467,DI Water 60,60
329,53.5,362.75,341.4,21.349999999999994,0.9465884153576638,0.2668749999999999,-165.54565665897712,-155.80230787973753,-9.743348779239597,DI Water 60,60
330,54.0,363.15,341.4,21.75,0.9465884153576638,0.271875,-165.728201835169,-155.80230787973753,-9.925893955431462,DI Water 60,60
331,54.5,362.75,341.65,21.099999999999994,0.9465884153576638,0.2637499999999999,-165.54565665897712,-155.91639861485743,-9.629258044119696,DI Water 60,60
332,55.0,363.35,341.9,21.450000000000003,0.9465884153576638,0.268125,-165.8194744232649,-156.03048934997736,-9.788985073287536,DI Water 60,60
333,55.5,363.55,342.4,21.15000000000001,0.9465884153576638,0.2643750000000001,-165.9107470113608,-156.25867082021716,-9.652076191143635,DI Water 60,60
334,56.0,362.95,342.4,20.55,0.9465884153576638,0.2568749999999999,-165.63692924707306,-156.25867082021716,-9.378258426855894,DI Water 60,60
335,56.5,363.15,342.9,20.25,0.9465884153576638,0.253125,-165.728201835169,-156.48685229045694,-9.241349544712053,DI Water 60,60
336,57.0,363.55,342.9,20.65000000000001,0.9465884153576638,0.258125,-165.9107470113608,-156.48685229045694,-9.42389472090386,DI Water 60,60
337,57.5,363.35,342.9,20.450000000000003,0.9465884153576638,0.255625,-165.8194744232649,-156.48685229045694,-9.332622132807955,DI Water 60,60
338,58.0,363.55,343.15,20.40000000000001,0.9465884153576638,0.255,-165.9107470113608,-156.60094302557684,-9.309803985783958,DI Water 60,60
339,58.5,362.75,343.15,19.599999999999994,0.9465884153576638,0.2449999999999999,-165.54565665897712,-156.60094302557684,-8.944713633400283,DI Water 60,60
340,59.0,362.95,343.4,19.55,0.9465884153576638,0.2443749999999999,-165.63692924707306,-156.71503376069677,-8.921895486376286,DI Water 60,60
341,59.5,362.95,343.15,19.8,0.9465884153576638,0.2474999999999999,-165.63692924707306,-156.60094302557684,-9.035986221496216,DI Water 60,60
342,60.0,363.35,343.65,19.700000000000003,0.9465884153576638,0.24625,-165.8194744232649,-156.82912449581667,-8.990349927448221,DI Water 60,60
343,0.0,303.15,303.15,0.0,0.4799603232799422,0.0,-1850.0962521623137,-1850.0962521623137,0.0,DI Water 60,60
344,0.5,303.15,303.15,0.0,0.4799603232799422,0.0,-1850.0962521623137,-1850.0962521623137,0.0,DI Water 60,60
345,1.0,303.95,303.15,0.8000000000000007,0.4799603232799422,0.01,-1854.9785777494155,-1850.0962521623137,-4.882325587101832,DI Water 60,60
346,1.5,304.75,303.15,1.6000000000000014,0.4799603232799422,0.02,-1859.860903336517,-1850.0962521623137,-9.764651174203436,DI Water 60,60
347,2.0,306.15,303.15,3.0,0.4799603232799422,0.0375,-1868.4049731139448,-1850.0962521623137,-18.30872095163113,DI Water 60,60
348,2.5,307.54999999999995,304.15,3.3999999999999986,0.4799603232799422,0.0424999999999999,-1876.9490428913723,-1856.1991591461904,-20.749883745181933,DI Water 60,60
349,3.0,309.95,304.65,5.299999999999997,0.4799603232799422,0.0662499999999999,-1891.5960196526776,-1859.2506126381293,-32.3454070145483,DI Water 60,60
350,3.5,311.75,305.15,6.600000000000001,0.4799603232799422,0.0825,-1902.5812522236563,-1862.302066130068,-40.27918609358835,DI Water 60,60
351,4.0,313.35,305.65,7.700000000000003,0.4799603232799422,0.09625,-1912.3459033978595,-1865.3535196220064,-46.99238377585311,DI Water 60,60
352,4.5,315.54999999999995,306.65,8.899999999999999,0.4799603232799422,0.1112499999999999,-1925.7722987623883,-1871.4564266058835,-54.31587215650484,DI Water 60,60
353,5.0,317.15,307.4,9.75,0.4799603232799422,0.121875,-1935.536949936592,-1876.033606843791,-59.503343092800606,DI Water 60,60
354,5.5,319.15,308.4,10.75,0.4799603232799422,0.134375,-1947.7427639043456,-1882.136513827668,-65.60625007667795,DI Water 60,60
355,6.0,321.35,308.9,12.450000000000005,0.4799603232799422,0.155625,-1961.169159268875,-1885.1879673196063,-75.98119194926858,DI Water 60,60
356,6.5,322.95,309.4,13.549999999999995,0.4799603232799422,0.1693749999999999,-1970.9338104430783,-1888.2394208115447,-82.69438963153334,DI Water 60,60
357,7.0,324.35,310.15,14.200000000000005,0.5132909012854937,0.1775,-1798.4269544945569,-1719.6920608493506,-78.73489364520628,DI Water 60,60
358,7.5,325.95,311.15,14.799999999999995,0.5132909012854937,0.1849999999999999,-1807.2984918066927,-1725.2367716694357,-82.06172013725745,DI Water 60,60
359,8.0,327.75,311.9,15.85,0.5466214792910453,0.198125,-1645.8442390849425,-1566.2511614663415,-79.59307761860077,DI Water 60,60
360,8.5,329.35,312.65,16.700000000000003,0.5466214792910453,0.20875,-1653.8788715259366,-1570.017395423058,-83.86147610287867,DI Water 60,60
361,9.0,331.35,313.4,17.950000000000003,0.5466214792910453,0.224375,-1663.9221620771796,-1573.783629379774,-90.13853269740572,DI Water 60,60
362,9.5,332.35,313.9,18.450000000000003,0.5799520572965968,0.230625,-1505.395609778525,-1421.8254307491477,-83.57017902937787,DI Water 60,60
363,10.0,333.75,314.65,19.1,0.5799520572965968,0.23875,-1511.736978376961,-1425.222592498309,-86.51438587865186,DI Water 60,60
364,10.5,335.15,315.65,19.5,0.5799520572965968,0.24375,-1518.0783469753958,-1429.7521414971916,-88.3262054782042,DI Water 60,60
365,11.0,336.54999999999995,315.9,20.65,0.6132826353021483,0.258125,-1368.0619069549828,-1284.1205063351033,-83.94140061987946,DI Water 60,60
366,11.5,337.35,316.65,20.700000000000003,0.6132826353021483,0.25875,-1371.3138740492154,-1287.1692254859463,-84.1446485632689,DI Water 60,60
367,12.0,339.15,317.4,21.75,0.6466132133076999,0.271875,-1229.405869794999,-1150.5629458143378,-78.84292398066123,DI Water 60,60
368,12.5,340.15,318.4,21.75,0.6466132133076999,0.271875,-1233.0308318170985,-1154.1879078364373,-78.842923980661,DI Water 60,60
369,13.0,341.75,319.4,22.349999999999994,0.6799437913132514,0.2793749999999999,-1096.021342402089,-1024.3429897973,-71.6783526047891,DI Water 60,60
370,13.5,342.54999999999995,319.4,23.15000000000001,0.6799437913132514,0.289375,-1098.5870105042738,-1024.3429897973,-74.24402070697397,DI Water 60,60
371,14.0,343.54999999999995,319.9,23.65000000000001,0.713274369318803,0.2956250000000001,-965.104153099662,-898.6663326344983,-66.43782046516355,DI Water 60,60
372,14.5,344.54999999999995,319.9,24.65000000000001,0.7466049473243546,0.3081250000000001,-837.0874918263867,-777.2000831091601,-59.88740871722655,DI Water 60,60
373,15.0,345.15,320.15,25.0,0.7466049473243546,0.3125,-838.5451975152441,-777.8074604795172,-60.73773703572692,DI Water 60,60
374,15.5,346.54999999999995,321.15,25.40000000000001,0.7466049473243546,0.3175,-841.9465107892447,-780.2369699609463,-61.70954082829837,DI Water 60,60
375,16.0,346.95,322.15,24.8,0.7799355253299061,0.3099999999999999,-716.9357464532031,-665.6891503671981,-51.24659608600507,DI Water 60,60
376,16.5,347.54999999999995,322.4,25.15000000000001,0.8132661033354576,0.314375,-597.2570745903804,-554.037349584056,-43.21972500632444,DI Water 60,60
377,17.0,348.54999999999995,322.9,25.65000000000001,0.8132661033354576,0.320625,-598.9755527218446,-554.8965886497881,-44.07896407205647,DI Water 60,60
378,17.5,349.35,323.15,26.200000000000003,0.8132661033354576,0.3275,-600.350335227016,-555.326208182654,-45.02412704436199,DI Water 60,60
379,18.0,349.75,323.15,26.599999999999994,0.8465966813410092,0.3324999999999999,-484.242046780776,-447.4133450098864,-36.82870177088967,DI Water 60,60
380,18.5,350.54999999999995,323.9,26.65000000000001,0.8465966813410092,0.333125,-485.34967690922383,-448.4517482553062,-36.89792865391763,DI Water 60,60
381,19.0,350.95,324.15,26.8,0.8465966813410092,0.3349999999999999,-485.9034919734477,-448.7978826704461,-37.10560930300159,DI Water 60,60
382,19.5,351.54999999999995,324.9,26.65000000000001,0.8799272593465607,0.333125,-373.8712851128301,-345.5291723315559,-28.34211278127418,DI Water 60,60
383,20.0,352.35,325.65,26.700000000000003,0.9132578373521122,0.33375,-265.8084990626077,-245.6663480055008,-20.14215105710693,DI Water 60,60
384,20.5,352.54999999999995,326.65,25.90000000000001,0.9465884153576638,0.3237500000000001,-160.89075466608514,-149.07095450766334,-11.8198001584218,DI Water 60,60
385,21.0,352.75,326.65,26.099999999999994,0.9465884153576638,0.3262499999999999,-160.98202725418108,-149.07095450766334,-11.911072746517732,DI Water 60,60
386,21.5,353.35,326.9,26.450000000000003,0.9799189933632152,0.330625,-59.59338592683467,-55.1325254265806,-4.460860500254071,DI Water 60,60
387,22.0,354.35,327.65,26.700000000000003,0.9799189933632152,0.33375,-59.762038497732746,-55.25901485475415,-4.503023642978597,DI Water 60,60
388,22.5,354.75,328.4,26.349999999999994,0.9799189933632152,0.3293749999999999,-59.82949952609199,-55.38550428292771,-4.443995243164274,DI Water 60,60
389,23.0,354.75,329.15,25.599999999999994,0.9799189933632152,0.3199999999999999,-59.82949952609199,-55.51199371110126,-4.317505814990724,DI Water 60,60
390,23.5,355.15,328.9,26.25,0.9799189933632152,0.328125,-59.89696055445121,-55.46983056837675,-4.427129986074462,DI Water 60,60
391,24.0,355.35,329.9,25.450000000000003,1.0132495713687668,0.318125,38.88721303703474,36.10212911472565,2.7850839223090915,DI Water 60,60
392,24.5,355.75,330.4,25.349999999999994,1.0132495713687668,0.3168749999999999,38.93098645821052,36.15684589119538,2.774140567015138,DI Water 60,60
393,25.0,355.95,330.65,25.3,1.0132495713687668,0.31625,38.95287316879841,36.18420427943024,2.768668889368172,DI Water 60,60
394,25.5,356.15,330.65,25.5,1.0132495713687668,0.31875,38.9747598793863,36.18420427943024,2.7905555999560576,DI Water 60,60
395,26.0,356.54999999999995,330.9,25.65000000000001,1.0132495713687668,0.320625,39.01853330056208,36.21156266766511,2.806970632896977,DI Water 60,60
396,26.5,356.15,330.9,25.25,1.0132495713687668,0.315625,38.9747598793863,36.21156266766511,2.763197211721192,DI Water 60,60
397,27.0,357.35,330.9,26.450000000000003,1.0132495713687668,0.330625,39.10608014291364,36.21156266766511,2.8945174752485343,DI Water 60,60
398,27.5,357.35,330.9,26.450000000000003,1.0132495713687668,0.330625,39.10608014291364,36.21156266766511,2.8945174752485343,DI Water 60,60
399,28.0,357.54999999999995,331.9,25.65000000000001,1.0132495713687668,0.320625,39.12796685350153,36.32099622060456,2.80697063289697,DI Water 60,60
400,28.5,358.35,332.15,26.200000000000003,1.062285517730534,0.3275,180.01877994772138,166.85708876694753,13.161691180773856,DI Water 60,60
401,29.0,358.35,332.9,25.450000000000003,1.062285517730534,0.318125,180.01877994772138,167.23385473586282,12.784925211858564,DI Water 60,60
402,29.5,358.54999999999995,333.65,24.90000000000001,1.1113214640923017,0.3112500000000001,314.6423848624954,292.79160984345725,21.850775019038167,DI Water 60,60
403,30.0,359.15,333.65,25.5,1.1113214640923017,0.31875,315.1689095617494,292.79160984345725,22.377299718292136,DI Water 60,60
404,30.5,358.95,333.65,25.3,1.1113214640923017,0.31625,314.9934013286648,292.79160984345725,22.201791485207536,DI Water 60,60
405,31.0,359.15,334.4,24.75,1.1113214640923017,0.309375,315.1689095617494,293.4497657175247,21.719143844224675,DI Water 60,60
406,31.5,359.35,334.4,24.950000000000003,1.1113214640923017,0.311875,315.34441779483404,293.4497657175247,21.89465207730933,DI Water 60,60
407,32.0,359.15,334.4,24.75,1.1113214640923017,0.309375,315.1689095617494,293.4497657175247,21.719143844224675,DI Water 60,60
408,32.5,359.75,335.15,24.599999999999994,1.1113214640923017,0.3074999999999999,315.69543426100336,294.1079215915921,21.58751266941124,DI Water 60,60
409,33.0,359.54999999999995,334.9,24.65000000000001,1.1603574104540693,0.3081250000000001,444.59262666855017,414.1122811049853,30.480345563564924,DI Water 60,60
410,33.5,360.75,336.15,24.599999999999994,1.1603574104540693,0.3074999999999999,446.0764568785412,415.65793757372586,30.418519304815334,DI Water 60,60
411,34.0,360.35,335.65,24.700000000000003,1.1603574104540693,0.30875,445.5818468085441,415.0396749862296,30.542171822314515,DI Water 60,60
412,34.5,360.95,335.65,25.3,1.1603574104540693,0.31625,446.3237619135396,415.0396749862296,31.28408692731,DI Water 60,60
413,35.0,360.35,335.15,25.200000000000003,1.1603574104540693,0.315,445.5818468085441,414.4214123987333,31.16043440981082,DI Water 60,60
414,35.5,361.35,337.15,24.200000000000003,1.1603574104540693,0.3025,446.8183719835366,416.8944627487184,29.923909234818268,DI Water 60,60
415,36.0,361.75,337.15,24.599999999999994,1.2093933568158366,0.3074999999999999,571.7995348583025,532.9155858396039,38.88394901869867,DI Water 60,60
416,36.5,361.35,336.9,24.450000000000003,1.2093933568158366,0.305625,571.1672755246651,532.5204237560805,38.64685176858461,DI Water 60,60
417,37.0,360.95,337.15,23.8,1.2093933568158366,0.2975,570.5350161910278,532.9155858396039,37.61943035142394,DI Water 60,60
418,37.5,361.35,337.65,23.700000000000003,1.2093933568158366,0.29625,571.1672755246651,533.7059100066506,37.46136551801453,DI Water 60,60
419,38.0,361.35,337.15,24.200000000000003,1.2093933568158366,0.3025,571.1672755246651,532.9155858396039,38.25168968506125,DI Water 60,60
420,38.5,361.75,336.9,24.849999999999994,1.2093933568158366,0.3106249999999999,571.7995348583025,532.5204237560805,39.27911110222203,DI Water 60,60
421,39.0,361.55,336.4,25.15000000000001,1.2093933568158366,0.314375,571.4834051914838,531.7300995890338,39.75330560245004,DI Water 60,60
422,39.5,361.95,337.15,24.8,1.2093933568158366,0.3099999999999999,572.1156645251212,532.9155858396039,39.20007868551738,DI Water 60,60
423,40.0,362.75,337.65,25.099999999999994,1.2093933568158366,0.3137499999999999,573.380183192396,533.7059100066506,39.67427318574539,DI Water 60,60
424,40.5,362.75,337.65,25.099999999999994,1.2093933568158366,0.3137499999999999,573.380183192396,533.7059100066506,39.67427318574539,DI Water 60,60
425,41.0,362.35,337.15,25.200000000000003,1.2093933568158366,0.315,572.7479238587586,532.9155858396039,39.83233801915469,DI Water 60,60
426,41.5,362.95,337.9,25.05,1.2093933568158366,0.313125,573.6963128592147,534.101072090174,39.59524076904074,DI Water 60,60
427,42.0,362.95,337.9,25.05,1.258429303177604,0.313125,693.6309419333364,645.7580803947496,47.87286153858679,DI Water 60,60
428,42.5,363.15,338.15,25.0,1.258429303177604,0.3125,694.0131603887344,646.2358534639969,47.777306924737445,DI Water 60,60
429,43.0,363.55,338.15,25.40000000000001,1.258429303177604,0.3175,694.77759729953,646.2358534639969,48.54174383553311,DI Water 60,60
430,43.5,363.35,337.9,25.450000000000003,1.258429303177604,0.318125,694.3953788441322,645.7580803947496,48.63729844938257,DI Water 60,60
431,44.0,363.55,338.4,25.15000000000001,1.258429303177604,0.314375,694.77759729953,646.7136265332443,48.063970766285706,DI Water 60,60
432,44.5,363.55,338.9,24.65000000000001,1.258429303177604,0.3081250000000001,694.77759729953,647.6691726717391,47.108424627790896,DI Water 60,60
433,45.0,363.75,338.65,25.099999999999994,1.258429303177604,0.3137499999999999,695.1598157549281,647.1913996024917,47.96841615243636,DI Water 60,60
434,45.5,363.95,338.9,25.05,1.258429303177604,0.313125,695.5420342103259,647.6691726717391,47.87286153858679,DI Water 60,60
435,46.0,364.55,339.15,25.40000000000001,1.258429303177604,0.3175,696.6886895765196,648.1469457409866,48.541743835533,DI Water 60,60
436,46.5,363.95,338.9,25.05,1.258429303177604,0.313125,695.5420342103259,647.6691726717391,47.87286153858679,DI Water 60,60
437,47.0,363.95,339.65,24.3,1.258429303177604,0.3037499999999999,695.5420342103259,649.1024918794812,46.43954233084469,DI Water 60,60
438,47.5,364.15,340.15,24.0,1.258429303177604,0.3,695.9242526657239,650.058038017976,45.86621464774794,DI Water 60,60
439,48.0,364.55,340.15,24.40000000000001,1.258429303177604,0.305,696.6886895765196,650.058038017976,46.630651558543605,DI Water 60,60
440,48.5,364.95,340.4,24.55,1.258429303177604,0.3068749999999999,697.4531264873154,650.5358110872234,46.91731540009209,DI Water 60,60
441,49.0,365.15,340.9,24.25,1.258429303177604,0.303125,697.8353449427133,651.4913572257182,46.34398771699512,DI Water 60,60
442,49.5,365.35,342.15,23.200000000000003,1.3074652495393717,0.29,814.3297391440207,762.6191877600293,51.7105513839914,DI Water 60,60
443,50.0,365.75,341.65,24.099999999999994,1.3074652495393717,0.3012499999999999,815.2213003747792,761.5047362215811,53.71656415319808,DI Water 60,60
444,50.5,365.55,342.65,22.90000000000001,1.3074652495393717,0.28625,814.7755197593999,763.7336392984772,51.0418804609227,DI Water 60,60
445,51.0,365.75,341.65,24.099999999999994,1.3074652495393717,0.3012499999999999,815.2213003747792,761.5047362215811,53.71656415319808,DI Water 60,60
446,51.5,365.75,341.65,24.099999999999994,1.3074652495393717,0.3012499999999999,815.2213003747792,761.5047362215811,53.71656415319808,DI Water 60,60
447,52.0,365.75,342.65,23.099999999999994,1.3074652495393717,0.2887499999999999,815.2213003747792,763.7336392984772,51.48766107630195,DI Water 60,60
448,52.5,365.95,342.4,23.55,1.3074652495393717,0.2943749999999999,815.6670809901584,763.1764135292533,52.49066746090512,DI Water 60,60
449,53.0,365.75,341.9,23.849999999999994,1.3074652495393717,0.2981249999999999,815.2213003747792,762.0619619908051,53.159338383974045,DI Water 60,60
450,53.5,366.35,342.4,23.950000000000003,1.3074652495393717,0.299375,816.5586422209168,763.1764135292533,53.3822286916635,DI Water 60,60
451,54.0,365.75,341.9,23.849999999999994,1.3074652495393717,0.2981249999999999,815.2213003747792,762.0619619908051,53.159338383974045,DI Water 60,60
452,54.5,365.75,341.4,24.349999999999994,1.3074652495393717,0.3043749999999999,815.2213003747792,760.947510452357,54.27378992242211,DI Water 60,60
453,55.0,365.35,341.4,23.950000000000003,1.3074652495393717,0.299375,814.3297391440207,760.947510452357,53.38222869166361,DI Water 60,60
454,55.5,365.95,341.65,24.3,1.3074652495393717,0.3037499999999999,815.6670809901584,761.5047362215811,54.16234476857733,DI Water 60,60
455,56.0,366.15,341.65,24.5,1.3074652495393717,0.30625,816.1128616055377,761.5047362215811,54.608125383956576,DI Water 60,60
456,56.5,366.35,342.65,23.700000000000003,1.3565011959011388,0.29625,928.7013606296156,868.6215947038017,60.07976592581383,DI Water 60,60
457,57.0,366.15,341.65,24.5,1.3565011959011388,0.30625,928.194358385516,866.0865834833033,62.10777490221267,DI Water 60,60
458,57.5,365.95,341.65,24.3,1.3565011959011388,0.3037499999999999,927.6873561414164,866.0865834833033,61.60077265811299,DI Water 60,60
459,58.0,366.15,341.9,24.25,1.3565011959011388,0.303125,928.194358385516,866.720336288428,61.47402209708798,DI Water 60,60
460,58.5,366.35,341.9,24.450000000000003,1.3565011959011388,0.305625,928.7013606296156,866.720336288428,61.98102434118755,DI Water 60,60
461,59.0,366.55,342.65,23.90000000000001,1.3565011959011388,0.29875,929.2083628737151,868.6215947038017,60.58676816991351,DI Water 60,60
462,59.5,366.75,342.65,24.099999999999994,1.3565011959011388,0.3012499999999999,929.7153651178152,868.6215947038017,61.09377041401342,DI Water 60,60
463,60.0,367.15,342.65,24.5,1.3565011959011388,0.30625,930.7293696060144,868.6215947038017,62.10777490221267,DI Water 60,60
