,t(min),Te[K],Tc[K],dT[K],P[bar],TR[K/W],GFE [KJ/mol],GFE_Tc [KJ/mol],dG [KJ/mol]
0,0.0,298.15,296.65,1.5,0.4132991672688391,0.01875,-2190.2438354662727,-2179.2246647361053,-11.019170730167389
1,0.5,297.81666666666666,296.65,1.1666666666666679,0.4132991672688391,0.014583333333333347,-2187.795130859569,-2179.2246647361053,-8.570466123463575
2,1.0,298.15,296.4,1.75,0.4132991672688391,0.021875,-2190.2438354662727,-2177.388136281077,-12.85569918519559
3,1.5,300.15,296.4,3.75,0.4132991672688391,0.046875,-2204.936063106496,-2177.388136281077,-27.547926825418926
4,2.0,302.15,296.4,5.75,0.4132991672688391,0.071875,-2219.6282907467194,-2177.388136281077,-42.24015446564226
5,2.5,302.81666666666666,296.65,6.166666666666668,0.4132991672688391,0.07708333333333335,-2224.525699960127,-2179.2246647361053,-45.30103522402169
6,3.0,305.15,296.9,8.25,0.4132991672688391,0.103125,-2241.666632207054,-2181.061193191133,-60.60543901592109
7,3.5,306.81666666666666,297.4,9.416666666666664,0.4132991672688391,0.1177083333333333,-2253.910155240573,-2184.734250101189,-69.17590513938421
8,4.0,309.15,298.15,11.0,0.4132991672688391,0.1375,-2271.0510874875004,-2190.2438354662727,-80.80725202122767
9,4.5,310.81666666666666,298.65,12.166666666666664,0.4132991672688391,0.1520833333333333,-2283.29461052102,-2193.9168923763286,-89.37771814469124
10,5.0,312.81666666666666,299.65,13.166666666666664,0.4132991672688391,0.1645833333333333,-2297.986838161243,-2201.26300619644,-96.72383196480314
11,5.5,315.15,299.9,15.25,0.4132991672688391,0.190625,-2315.12777040817,-2203.0995346514683,-112.02823575670163
12,6.0,317.15,300.4,16.75,0.4132991672688391,0.209375,-2329.819998048393,-2206.7725915615238,-123.04740648686902
13,6.5,320.15,301.9,18.25,0.44662974527439064,0.228125,-2145.4194853221625,-2023.1208577815428,-122.29862754061969
14,7.0,321.81666666666666,302.15,19.666666666666664,0.44662974527439064,0.2458333333333333,-2156.5883097550964,-2024.796181446483,-131.79212830861343
15,7.5,323.15,303.15,20.0,0.44662974527439064,0.25,-2165.5233693014425,-2031.4974761062429,-134.02589319519961
16,8.0,325.81666666666666,303.4,22.416666666666664,0.4799603232799422,0.2802083333333333,-1988.428810463526,-1851.6219789082832,-136.80683155524275
17,8.5,327.15,304.4,22.75,0.4799603232799422,0.284375,-1996.5660197753618,-1857.72488589216,-138.8411338832018
18,9.0,328.4833333333333,305.15,23.333333333333336,0.4799603232799422,0.2916666666666667,-2004.7032290871978,-1862.302066130068,-142.40116295712983
19,9.5,329.81666666666666,306.15,23.666666666666664,0.5132909012854937,0.2958333333333333,-1828.7380403110217,-1697.5132175690107,-131.22482274201093
20,10.0,332.15,306.9,25.25,0.5466214792910453,0.315625,-1667.9394782976767,-1541.142935088234,-126.79654320944269
21,10.5,333.81666666666666,308.15,25.666666666666664,0.5466214792910453,0.3208333333333333,-1676.3088870903794,-1547.4199916827613,-128.88889540761807
22,11.0,335.15,308.9,26.25,0.5466214792910453,0.328125,-1683.0044141245412,-1551.1862256394772,-131.81818848506396
23,11.5,336.81666666666666,309.65,27.166666666666664,0.5799520572965968,0.3395833333333333,-1525.6275953068664,-1402.574847503898,-123.0527478029685
24,12.0,338.4833333333333,310.4,28.08333333333333,0.6132826353021483,0.3510416666666666,-1375.9208274327113,-1261.7632325622542,-114.15759487045716
25,12.5,338.81666666666666,309.9,28.91666666666667,0.6132826353021483,0.3614583333333334,-1377.2758137219753,-1259.7307531283586,-117.54506059361665
26,13.0,341.15,311.9,29.25,0.6132826353021483,0.365625,-1386.7607177468203,-1267.8606708639404,-118.9000468828799
27,13.5,341.81666666666666,312.4,29.41666666666667,0.6132826353021483,0.3677083333333334,-1389.4706903253477,-1269.8931502978357,-119.57754002751199
28,14.0,342.15,311.65,30.5,0.6466132133076999,0.38125,-1240.2807558612972,-1129.7194141872665,-110.5613416740307
29,14.5,344.15,313.15,31.0,0.6466132133076999,0.3875,-1247.5306799054956,-1135.1568572204155,-112.37382268508009
30,15.0,344.81666666666666,314.15,30.66666666666667,0.6799437913132514,0.3833333333333334,-1105.8564034604644,-1007.5057928767119,-98.35061058375254
31,15.5,344.81666666666666,313.65,31.16666666666667,0.6799437913132514,0.3895833333333334,-1105.8564034604644,-1005.9022503128464,-99.95415314761806
32,16.0,346.15,314.15,32.0,0.6799437913132514,0.4,-1110.1325169641057,-1007.5057928767119,-102.62672408739377
33,16.5,347.15,314.9,32.25,0.6799437913132514,0.403125,-1113.3396020918367,-1009.9111067225101,-103.42849536932658
34,17.0,348.4833333333333,315.15,33.33333333333333,0.713274369318803,0.41666666666666663,-978.9629232601189,-885.3225843381123,-93.64033892200666
35,17.5,348.4833333333333,315.65,32.83333333333333,0.7466049473243546,0.4104166666666666,-846.643562453341,-766.8746678130865,-79.76889464025453
36,18.0,348.81666666666666,316.4,32.41666666666667,0.7466049473243546,0.4052083333333334,-847.4533989471507,-768.6967999241583,-78.75659902299242
37,18.5,348.4833333333333,317.65,30.83333333333333,0.7466049473243546,0.38541666666666663,-846.643562453341,-771.7336867759445,-74.90987567739649
38,19.0,349.15,317.9,31.25,0.7799355253299061,0.390625,-721.4818154608325,-656.9069716024593,-64.57484385837324
39,19.5,350.4833333333333,320.15,30.33333333333333,0.7799355253299061,0.3791666666666666,-724.2370087987897,-661.5563603602621,-62.680648438527555
40,20.0,351.4833333333333,320.65,30.83333333333333,0.8132661033354576,0.38541666666666663,-604.0164219074729,-551.0300128539936,-52.98640905347929
41,20.5,351.4833333333333,322.15,29.33333333333333,0.8132661033354576,0.3666666666666666,-604.0164219074729,-553.6077300511898,-50.4086918562831
42,21.0,352.15,321.65,30.5,0.8465966813410092,0.38125,-487.5649371661194,-445.3365385190467,-42.22839864707271
43,21.5,352.81666666666666,324.15,28.66666666666667,0.8465966813410092,0.3583333333333334,-488.48796227315927,-448.79788267044614,-39.690079602713126
44,22.0,352.81666666666666,323.9,28.91666666666667,0.8465966813410092,0.3614583333333334,-488.48796227315927,-448.4517482553062,-40.03621401785307
45,22.5,352.4833333333333,324.9,27.58333333333333,0.8799272593465607,0.3447916666666666,-374.8638794316239,-345.5291723315559,-29.334707100067988
46,23.0,354.15,325.9,28.25,0.8799272593465607,0.353125,-376.63636928661293,-346.5926662445494,-30.043703042063555
47,23.5,354.4833333333333,326.65,27.83333333333333,0.8799272593465607,0.3479166666666666,-376.9908672576107,-347.3902866792944,-29.60058057831634
48,24.0,353.4833333333333,326.9,26.58333333333333,0.9132578373521122,0.3322916666666666,-266.66347176665465,-246.60933260555262,-20.05413916110203
49,24.5,354.15,327.15,27.0,0.9465884153576638,0.3375,-161.62093537085252,-149.29913597790315,-12.321799392949373
50,25.0,355.15,327.65,27.5,0.9465884153576638,0.34375,-162.07729831133213,-149.52731744814295,-12.549980863189177
51,25.5,355.15,329.15,26.0,0.9465884153576638,0.325,-162.07729831133213,-150.21186185886236,-11.865436452469766
52,26.0,356.81666666666666,329.9,26.91666666666667,0.9465884153576638,0.3364583333333334,-162.8379032121315,-150.55413406422207,-12.283769147909425
53,26.5,356.4833333333333,329.65,26.83333333333333,0.9799189933632153,0.3354166666666666,-60.12183064898197,-55.59631999655031,-4.525510652431663
54,27.0,356.81666666666666,331.65,25.16666666666667,0.9799189933632153,0.3145833333333334,-60.17804817261467,-55.93362513834646,-4.244423034268216
55,27.5,356.81666666666666,331.65,25.16666666666667,0.9799189933632153,0.3145833333333334,-60.17804817261467,-55.93362513834646,-4.244423034268216
56,28.0,355.4833333333333,330.9,24.58333333333333,0.9799189933632153,0.30729166666666663,-59.953178078083894,-55.80713571017289,-4.146042367911001
57,28.5,357.4833333333333,332.65,24.83333333333333,1.0132495713687668,0.3104166666666666,39.12067128330557,36.40307138530915,2.717599897996422
58,29.0,356.81666666666666,331.9,24.91666666666667,1.0132495713687668,0.3114583333333334,39.04771558134594,36.32099622060456,2.7267193607413773
59,29.5,356.81666666666666,333.4,23.41666666666667,1.0132495713687668,0.2927083333333334,39.04771558134594,36.48514655001374,2.5625690313322025
60,30.0,357.4833333333333,333.65,23.83333333333333,1.0132495713687668,0.2979166666666666,39.12067128330557,36.5125049382486,2.608166345056972
61,30.5,357.15,334.4,22.75,1.0132495713687668,0.284375,39.084193432325755,36.594580102953195,2.4896133293725597
62,31.0,357.81666666666666,334.4,23.41666666666667,1.0132495713687668,0.2927083333333334,39.15714913428539,36.594580102953195,2.5625690313321954
63,31.5,359.15,336.4,22.75,1.0132495713687668,0.284375,39.30306053820466,36.8134472088321,2.4896133293725597
64,32.0,359.4833333333333,336.9,22.58333333333333,1.0132495713687668,0.2822916666666666,39.339538389184476,36.86816398530182,2.471374403882656
65,32.5,360.4833333333333,338.9,21.58333333333333,1.0622855177305341,0.2697916666666666,181.09046981485818,170.24798248718508,10.842487327673098
66,33.0,360.15,340.65,19.5,1.0622855177305341,0.24375,180.92301827311806,171.12710308132074,9.79591519179732
67,33.5,360.15,342.4,17.75,1.1113214640923017,0.221875,316.0464507271726,300.4700950409105,15.576355686262104
68,34.0,360.4833333333333,344.65,15.833333333333329,1.1113214640923017,0.1979166666666666,316.33896444898033,302.4445626631127,13.894401785867615
69,34.5,361.4833333333333,343.65,17.83333333333333,1.1113214640923017,0.2229166666666666,317.21650561440356,301.5670214976895,15.649484116714063
70,35.0,361.81666666666666,343.65,18.16666666666667,1.1113214640923017,0.2270833333333334,317.50901933621134,301.5670214976895,15.941997838521843
71,35.5,362.4833333333333,345.4,17.08333333333333,1.1113214640923017,0.2135416666666666,318.0940467798268,303.1027185371801,14.99132824264666
72,36.0,362.81666666666666,346.15,16.66666666666667,1.1113214640923017,0.2083333333333334,318.3865605016345,303.7608744112475,14.625686090386978
73,36.5,362.81666666666666,346.4,16.41666666666667,1.1603574104540693,0.20520833333333338,448.6319422401923,428.3323206173989,20.29962162279338
74,37.0,363.4833333333333,347.4,16.08333333333333,1.1603574104540693,0.20104166666666662,449.45629235685396,429.56884579239136,19.887446564462607
75,37.5,362.81666666666666,349.4,13.416666666666671,1.1603574104540693,0.1677083333333334,448.6319422401923,432.04189614237634,16.590046097815957
76,38.0,364.4833333333333,346.9,17.58333333333333,1.1603574104540693,0.2197916666666666,450.6928175318464,428.95058320489517,21.742234326951234
77,38.5,364.15,347.15,17.0,1.1603574104540693,0.2125,450.2806424735156,429.25971449864323,21.020927974872393
78,39.0,364.81666666666666,348.15,16.66666666666667,1.1603574104540693,0.2083333333333334,451.1049925901773,430.4962396736358,20.608752916541505
79,39.5,365.15,348.65,16.5,1.1603574104540693,0.20625,451.51716764850806,431.114502261132,20.40266538737609
80,40.0,365.4833333333333,347.9,17.58333333333333,1.1603574104540693,0.2197916666666666,451.9293427068389,430.18710837988766,21.742234326951234
81,40.5,365.81666666666666,349.15,16.66666666666667,1.1603574104540693,0.2083333333333334,452.3415177651697,431.7327648486282,20.608752916541505
82,41.0,366.15,349.65,16.5,1.1603574104540693,0.20625,452.7536928235006,432.3510274361245,20.40266538737609
83,41.5,365.81666666666666,349.9,15.916666666666671,1.1603574104540693,0.1989583333333334,452.3415177651697,432.6601587298726,19.681359035297135
84,42.0,366.15,349.4,16.75,1.2093933568158366,0.209375,578.7543875283137,552.2785279322485,26.47585959606522
85,42.5,365.81666666666666,349.4,16.41666666666667,1.2093933568158366,0.20520833333333338,578.2275047502825,552.2785279322485,25.948976818033998
86,43.0,366.81666666666666,346.15,20.66666666666667,1.2093933568158366,0.2583333333333334,579.808153084376,547.1414208464448,32.66673223793123
87,43.5,366.81666666666666,347.9,18.91666666666667,1.2093933568158366,0.23645833333333338,579.808153084376,549.9075554311083,29.90059765326771
88,44.0,366.4833333333333,350.9,15.583333333333329,1.258429303177604,0.1947916666666666,700.3834679786993,670.602279995613,29.781187983086284
89,44.5,366.4833333333333,349.9,16.58333333333333,1.258429303177604,0.2072916666666666,700.3834679786993,668.6911877186235,31.69228026007579
90,45.0,366.4833333333333,349.15,17.33333333333333,1.258429303177604,0.21666666666666662,700.3834679786993,667.2578685108814,33.12559946781789
91,45.5,366.81666666666666,349.4,17.41666666666667,1.258429303177604,0.2177083333333334,701.0204987376959,667.7356415801288,33.2848571575671
92,46.0,366.81666666666666,349.65,17.16666666666667,1.258429303177604,0.2145833333333334,701.0204987376959,668.2134146493762,32.8070840883197
93,46.5,367.15,349.65,17.5,1.258429303177604,0.21875,701.6575294966923,668.2134146493762,33.44411484731609
94,47.0,367.15,350.15,17.0,1.258429303177604,0.2125,701.6575294966923,669.1689607878709,32.48856870882139
95,47.5,366.81666666666666,350.9,15.916666666666671,1.258429303177604,0.1989583333333334,701.0204987376959,670.602279995613,30.4182187420829
96,48.0,367.15,350.65,16.5,1.258429303177604,0.20625,701.6575294966923,670.1245069263657,31.53302257032658
97,48.5,367.15,350.65,16.5,1.258429303177604,0.20625,701.6575294966923,670.1245069263657,31.53302257032658
98,49.0,367.4833333333333,351.9,15.583333333333329,1.258429303177604,0.1947916666666666,702.2945602556888,672.5133722726025,29.781187983086284
99,49.5,368.81666666666666,352.4,16.41666666666667,1.258429303177604,0.20520833333333338,704.8426832916748,673.4689184110973,31.373764880577482
100,50.0,367.81666666666666,352.4,15.416666666666671,1.258429303177604,0.1927083333333334,702.9315910146853,673.4689184110973,29.462672603587976
102,0.0,304.75,304.15,0.6000000000000014,0.4132991672688391,0.007500000000000018,-2238.7281866790095,-2234.3205183869422,-4.407668292067228
103,0.5,304.95,304.15,0.8000000000000007,0.4132991672688391,0.010000000000000009,-2240.1974094430316,-2234.3205183869422,-5.876891056089335
104,1.0,305.75,304.4,1.3500000000000014,0.4132991672688391,0.01687500000000002,-2246.0743004991214,-2236.1570468419704,-9.917253657150923
105,1.5,306.95,304.9,2.049999999999997,0.4132991672688391,0.025624999999999964,-2254.889637083255,-2239.8301037520264,-15.059533331228522
106,2.0,308.75,305.15,3.6000000000000014,0.4132991672688391,0.04500000000000002,-2268.112641959456,-2241.666632207054,-26.446009752402006
107,2.5,310.75,305.65,5.100000000000001,0.4132991672688391,0.06375000000000001,-2282.804869599679,-2245.3396891171096,-37.465180482569394
108,3.0,312.34999999999997,306.4,5.950000000000003,0.4132991672688391,0.07437500000000004,-2294.5586517118577,-2250.849274482194,-43.709377229663914
109,3.5,314.34999999999997,306.9,7.450000000000003,0.4132991672688391,0.09312500000000004,-2309.2508793520806,-2254.5223313922493,-54.7285479598313
110,4.0,316.15,307.9,8.25,0.4132991672688391,0.103125,-2322.4738842282813,-2261.868445212361,-60.60543901592018
111,4.5,317.95,308.4,9.549999999999997,0.4132991672688391,0.11937499999999997,-2335.6968891044826,-2265.5415021224167,-70.15538698206592
112,5.0,319.95,309.4,10.549999999999997,0.4132991672688391,0.13187499999999996,-2350.389116744706,-2272.8876159425286,-77.50150080217736
113,5.5,321.95,310.15,11.799999999999997,0.4132991672688391,0.14749999999999996,-2365.081344384929,-2278.397201307612,-86.684143077317
114,6.0,323.54999999999995,311.15,12.399999999999999,0.4132991672688391,0.15499999999999997,-2376.8351264971075,-2285.7433151277237,-91.09181136938378
115,6.5,325.34999999999997,311.4,13.950000000000003,0.4132991672688391,0.17437500000000003,-2390.0581313733082,-2287.5798435827514,-102.4782877905568
116,7.0,326.95,312.15,14.799999999999997,0.44662974527439064,0.18499999999999997,-2190.988289008531,-2091.8091280440826,-99.17916096444833
117,7.5,328.34999999999997,312.9,15.450000000000003,0.44662974527439064,0.19312500000000005,-2200.370101532195,-2096.8350990389026,-103.53500249329227
118,8.0,329.95,313.9,16.049999999999997,0.4799603232799422,0.20062499999999997,-2013.6541593302175,-1915.7025022389917,-97.9516570912258
119,8.5,331.34999999999997,314.65,16.700000000000003,0.4799603232799422,0.20875000000000005,-2022.1982291076454,-1920.2796824768993,-101.91854663074605
120,9.0,332.95,315.65,17.299999999999997,0.4799603232799422,0.21624999999999997,-2031.9628802818486,-1926.3825894607764,-105.58029082107214
121,9.5,334.15,316.15,18.0,0.4799603232799422,0.225,-2039.286368662501,-1929.4340429527147,-109.85232570978633
122,10.0,335.75,316.65,19.1,0.4799603232799422,0.23875000000000002,-2049.051019836704,-1932.4854964446533,-116.56552339205086
123,10.5,336.95,317.9,19.049999999999997,0.4799603232799422,0.23812499999999998,-2056.3745082173564,-1940.1141301744997,-116.2603780428567
124,11.0,338.15,318.15,20.0,0.5132909012854937,0.25,-1874.9439638117294,-1764.0497474100302,-110.89421640169917
125,11.5,339.75,319.15,20.599999999999994,0.5132909012854937,0.25749999999999995,-1883.8155011238657,-1769.5944582301152,-114.22104289375056
126,12.0,340.95,319.9,21.049999999999997,0.5466214792910453,0.26312499999999994,-1712.129956723146,-1606.4243236713137,-105.70563305183236
127,12.5,341.54999999999995,320.15,21.400000000000006,0.5466214792910453,0.26750000000000007,-1715.1429438885186,-1607.6797349902188,-107.46320889829985
128,13.0,342.75,320.4,22.349999999999994,0.5466214792910453,0.27937499999999993,-1721.1689182192647,-1608.935146309124,-112.2337719101406
129,13.5,343.75,320.9,22.849999999999994,0.5799520572965968,0.2856249999999999,-1557.0324683657836,-1453.5322737413235,-103.50019462446016
130,14.0,344.75,321.65,23.099999999999994,0.6132826353021483,0.28874999999999995,-1401.394569670867,-1307.4940198249003,-93.90054984596668
131,14.5,345.95,321.9,24.049999999999997,0.6132826353021483,0.300625,-1406.2725203122159,-1308.510259541848,-97.7622607703679
132,15.0,346.54999999999995,322.15,24.400000000000006,0.6132826353021483,0.30500000000000005,-1408.7114956328903,-1309.5264992587956,-99.18499637409468
133,15.5,347.34999999999997,322.9,24.450000000000003,0.6132826353021483,0.30562500000000004,-1411.963462727123,-1312.5752184096389,-99.38824431748412
134,16.0,347.75,323.4,24.349999999999994,0.6132826353021483,0.30437499999999995,-1413.5894462742394,-1314.6076978435342,-98.98174843070524
135,16.5,348.95,323.9,25.049999999999997,0.6466132133076999,0.313125,-1264.9304976115727,-1174.1251989579837,-90.80529865358903
136,17.0,349.54999999999995,324.4,25.150000000000006,0.6466132133076999,0.31437500000000007,-1267.105474824832,-1175.9376799690333,-91.16779485579877
137,17.5,349.54999999999995,325.15,24.400000000000006,0.6799437913132514,0.30500000000000005,-1121.036606398391,-1042.7837292817535,-78.25287711663759
138,18.0,350.34999999999997,325.65,24.700000000000003,0.6799437913132514,0.30875,-1123.6022745005762,-1044.3872718456191,-79.21500265495706
139,18.5,351.15,326.4,24.75,0.6799437913132514,0.309375,-1126.167942602761,-1046.7925856914173,-79.37535691134372
140,19.0,348.15,328.9,19.25,0.6799437913132514,0.240625,-1116.546687219568,-1054.810298510745,-61.736388708822915
141,19.5,350.15,328.65,21.5,0.713274369318803,0.26875,-983.6449402062192,-923.246921601525,-60.39801860469424
142,20.0,351.54999999999995,328.15,23.400000000000006,0.713274369318803,0.2925000000000001,-987.5778344409435,-921.8423165176948,-65.73551792324872
143,20.5,352.54999999999995,328.4,24.150000000000006,0.7466049473243546,0.30187500000000006,-856.5235676778191,-797.8509137013071,-58.672653976511924
144,21.0,353.15,329.15,24.0,0.7466049473243546,0.3,-857.9812733666766,-799.6730458123789,-58.30822755429779
145,21.5,353.75,329.4,24.349999999999994,0.7466049473243546,0.30437499999999995,-859.4389790555341,-800.2804231827362,-59.15855587279793
146,22.0,354.34999999999997,330.15,24.200000000000003,0.7799355253299061,0.30250000000000005,-732.2270694788658,-682.2203103949416,-50.00675908392418
147,22.5,355.15,330.4,24.75,0.7799355253299061,0.309375,-733.8801854816402,-682.7369091458087,-51.1432763358315
148,23.0,355.34999999999997,330.9,24.450000000000003,0.8132661033354576,0.30562500000000004,-610.6612040158011,-568.6444137015015,-42.016790314299556
149,23.5,356.15,331.65,24.5,0.8132661033354576,0.30625,-612.0359865209724,-569.9332723000998,-42.1027142208726
150,24.0,356.34999999999997,331.65,24.700000000000003,0.8132661033354576,0.30875,-612.3796821472653,-569.9332723000998,-42.446409847165455
151,24.5,356.34999999999997,332.15,24.200000000000003,0.8132661033354576,0.30250000000000005,-612.3796821472653,-570.7925113658318,-41.58717078143343
152,25.0,357.15,332.9,24.25,0.8132661033354576,0.303125,-613.7544646524367,-572.08136996443,-41.6730946880067
153,25.5,357.54999999999995,332.9,24.650000000000006,0.8132661033354576,0.3081250000000001,-614.4418559050223,-572.08136996443,-42.3604859405923
154,26.0,357.54999999999995,333.15,24.400000000000006,0.8465966813410092,0.30500000000000005,-495.0414405331421,-461.25872161548403,-33.78271891765809
155,26.5,357.95,333.65,24.299999999999997,0.8465966813410092,0.30374999999999996,-495.595255597366,-461.95099044576386,-33.644265151602156
156,27.0,358.75,333.65,25.099999999999994,0.8799272593465607,0.3137499999999999,-381.5284412863826,-354.8347440702482,-26.69369721613441
157,27.5,358.54999999999995,334.15,24.400000000000006,0.8799272593465607,0.30500000000000005,-381.31574250378384,-355.36649102674494,-25.9492514770389
158,28.0,358.95,334.15,24.799999999999997,0.8799272593465607,0.30999999999999994,-381.7411400689813,-355.36649102674494,-26.374649042236342
159,28.5,359.15,334.65,24.5,0.9132578373521122,0.30625,-270.93833528688964,-252.45583712587393,-18.482498161015712
160,29.0,359.75,334.65,25.099999999999994,0.9132578373521122,0.3137499999999999,-271.3909678949145,-252.45583712587393,-18.935130769040597
161,29.5,359.95,334.65,25.299999999999997,0.9132578373521122,0.31625,-271.5418454309228,-252.45583712587393,-19.086008305048892
162,30.0,360.34999999999997,334.65,25.700000000000003,0.9132578373521122,0.32125000000000004,-271.84360050293935,-252.45583712587393,-19.387763377065426
163,30.5,360.34999999999997,335.65,24.700000000000003,0.9132578373521122,0.30875,-271.84360050293935,-253.21022480591537,-18.63337569702398
164,31.0,360.34999999999997,335.65,24.700000000000003,0.9132578373521122,0.30875,-271.84360050293935,-253.21022480591537,-18.63337569702398
165,31.5,360.34999999999997,336.4,23.950000000000003,0.9465884153576638,0.29937500000000006,-164.45038560182607,-153.52049317733952,-10.929892424486553
166,32.0,361.34999999999997,336.4,24.950000000000003,0.9465884153576638,0.311875,-164.90674854230568,-153.52049317733952,-11.38625536496616
167,32.5,361.34999999999997,336.4,24.950000000000003,0.9465884153576638,0.311875,-164.90674854230568,-153.52049317733952,-11.38625536496616
168,33.0,361.75,336.9,24.849999999999994,0.9465884153576638,0.31062499999999993,-165.08929371849754,-153.7486746475793,-11.340619070918251
169,33.5,361.75,336.9,24.849999999999994,0.9465884153576638,0.31062499999999993,-165.08929371849754,-153.7486746475793,-11.340619070918251
170,34.0,361.75,336.65,25.099999999999994,0.9465884153576638,0.3137499999999999,-165.08929371849754,-153.6345839124594,-11.454709806038153
171,34.5,361.75,336.9,24.849999999999994,0.9465884153576638,0.31062499999999993,-165.08929371849754,-153.7486746475793,-11.340619070918251
172,35.0,361.75,337.15,24.599999999999994,0.9465884153576638,0.30749999999999994,-165.08929371849754,-153.86276538269922,-11.22652833579832
173,35.5,362.34999999999997,337.9,24.450000000000003,0.9465884153576638,0.30562500000000004,-165.36311148278529,-154.20503758805893,-11.158073894726357
174,36.0,362.34999999999997,338.15,24.200000000000003,0.9465884153576638,0.30250000000000005,-165.36311148278529,-154.3191283231788,-11.043983159606483
175,36.5,362.34999999999997,338.4,23.950000000000003,0.9465884153576638,0.29937500000000006,-165.36311148278529,-154.4332190582987,-10.929892424486582
176,37.0,362.75,338.15,24.599999999999994,0.9465884153576638,0.30749999999999994,-165.54565665897712,-154.3191283231788,-11.22652833579832
177,37.5,362.95,338.9,24.049999999999997,0.9465884153576638,0.300625,-165.63692924707306,-154.66140052853854,-10.97552871853452
178,38.0,362.95,338.9,24.049999999999997,0.9799189933632153,0.300625,-61.21245060745619,-57.156356277357496,-4.056094330098695
179,38.5,362.75,339.15,23.599999999999994,0.9799189933632153,0.29499999999999993,-61.178720093276574,-57.198519420082015,-3.9802006731945596
180,39.0,362.75,338.65,24.099999999999994,0.9799189933632153,0.3012499999999999,-61.178720093276574,-57.11419313463298,-4.064526958643597
181,39.5,362.75,339.15,23.599999999999994,0.9799189933632153,0.29499999999999993,-61.178720093276574,-57.198519420082015,-3.9802006731945596
182,40.0,362.75,338.4,24.349999999999994,0.9799189933632153,0.30437499999999995,-61.178720093276574,-57.07202999190846,-4.106690101368116
183,40.5,362.15,337.9,24.25,0.9799189933632153,0.303125,-61.07752855073773,-56.98770370645943,-4.089824844278304
184,41.0,362.15,337.9,24.25,0.9799189933632153,0.303125,-61.07752855073773,-56.98770370645943,-4.089824844278304
185,41.5,362.54999999999995,338.65,23.900000000000006,0.9799189933632153,0.29875000000000007,-61.14498957909696,-57.11419313463298,-4.030796444463981
186,42.0,362.54999999999995,338.9,23.650000000000006,0.9799189933632153,0.2956250000000001,-61.14498957909696,-57.156356277357496,-3.988633301739462
187,42.5,363.15,339.15,24.0,0.9799189933632153,0.3,-61.24618112163581,-57.198519420082015,-4.047661701553793
188,43.0,362.95,339.4,23.549999999999997,0.9799189933632153,0.29437499999999994,-61.21245060745619,-57.24068256280653,-3.9717680446496573
189,43.5,363.54999999999995,339.65,23.900000000000006,0.9799189933632153,0.29875000000000007,-61.31364214999503,-57.282845705531045,-4.030796444463988
190,44.0,363.75,340.4,23.349999999999994,0.9799189933632153,0.29187499999999994,-61.34737266417466,-57.40933513370461,-3.938037530470048
191,44.5,363.95,340.4,23.549999999999997,1.0132495713687668,0.29437499999999994,39.82834159231404,37.25118142058991,2.577160171724131
192,45.0,364.15,341.4,22.75,1.0132495713687668,0.284375,39.850228302901925,37.360614973529366,2.4896133293725597
193,45.5,363.75,341.15,22.599999999999994,1.0132495713687668,0.2824999999999999,39.806454881726154,37.3332565852945,2.4731982964316543
194,46.0,364.15,341.15,23.0,1.0132495713687668,0.2875,39.850228302901925,37.3332565852945,2.5169717176074258
195,46.5,363.95,340.9,23.049999999999997,1.0132495713687668,0.28812499999999996,39.82834159231404,37.30589819705964,2.522443395254399
196,47.0,364.54999999999995,341.15,23.400000000000006,1.0132495713687668,0.2925000000000001,39.894001724077704,37.3332565852945,2.5607451387832043
197,47.5,364.75,341.9,22.849999999999994,1.0132495713687668,0.2856249999999999,39.915888434665604,37.41533174999909,2.5005566846665133
198,48.0,364.54999999999995,341.4,23.150000000000006,1.0132495713687668,0.28937500000000005,39.894001724077704,37.360614973529366,2.5333867505483383
199,48.5,363.95,340.4,23.549999999999997,1.0132495713687668,0.29437499999999994,39.82834159231404,37.25118142058991,2.577160171724131
200,49.0,363.15,340.4,22.75,1.0132495713687668,0.284375,39.740794749962475,37.25118142058991,2.489613329372567
201,49.5,363.75,340.65,23.099999999999994,1.0132495713687668,0.28874999999999995,39.806454881726154,37.278539808824775,2.5279150729013793
202,50.0,363.95,340.4,23.549999999999997,1.0132495713687668,0.29437499999999994,39.82834159231404,37.25118142058991,2.577160171724131
203,50.5,363.95,340.15,23.799999999999997,1.0132495713687668,0.2975,39.82834159231404,37.22382303235505,2.60451855995899
204,51.0,364.34999999999997,340.4,23.950000000000003,1.0132495713687668,0.29937500000000006,39.87211501348982,37.25118142058991,2.6209335928999096
205,51.5,364.34999999999997,339.9,24.450000000000003,1.0132495713687668,0.30562500000000004,39.87211501348982,37.196464644120184,2.6756503693696345
206,52.0,364.95,340.65,24.299999999999997,1.0132495713687668,0.30374999999999996,39.9377751452535,37.278539808824775,2.659235336428722
207,52.5,364.54999999999995,340.4,24.150000000000006,1.0132495713687668,0.30187500000000006,39.894001724077704,37.25118142058991,2.6428203034877953
208,53.0,364.95,340.9,24.049999999999997,1.0132495713687668,0.300625,39.9377751452535,37.30589819705964,2.631876948193856
209,53.5,364.15,341.9,22.25,1.0132495713687668,0.278125,39.850228302901925,37.41533174999909,2.434896552902835
210,54.0,364.34999999999997,341.4,22.950000000000003,1.0132495713687668,0.28687500000000005,39.87211501348982,37.360614973529366,2.5115000399604526
211,54.5,364.54999999999995,342.15,22.400000000000006,1.0132495713687668,0.2800000000000001,39.894001724077704,37.44269013823396,2.4513115858437473
212,55.0,364.15,342.4,21.75,1.0132495713687668,0.271875,39.850228302901925,37.47004852646882,2.3801797764331027
213,55.5,364.54999999999995,341.9,22.650000000000006,1.0132495713687668,0.28312500000000007,39.894001724077704,37.41533174999909,2.4786699740786133
214,56.0,364.54999999999995,342.4,22.150000000000006,1.0132495713687668,0.2768750000000001,39.894001724077704,37.47004852646882,2.4239531976088813
215,56.5,364.54999999999995,342.4,22.150000000000006,1.0132495713687668,0.2768750000000001,39.894001724077704,37.47004852646882,2.4239531976088813
216,57.0,364.75,342.15,22.599999999999994,1.0132495713687668,0.2824999999999999,39.915888434665604,37.44269013823396,2.4731982964316472
217,57.5,364.54999999999995,342.15,22.400000000000006,1.0132495713687668,0.2800000000000001,39.894001724077704,37.44269013823396,2.4513115858437473
218,58.0,364.95,342.9,22.049999999999997,1.0132495713687668,0.27562499999999995,39.9377751452535,37.52476530293854,2.413009842314956
219,58.5,364.54999999999995,342.4,22.150000000000006,1.0132495713687668,0.2768750000000001,39.894001724077704,37.47004852646882,2.4239531976088813
220,59.0,364.54999999999995,342.4,22.150000000000006,1.0132495713687668,0.2768750000000001,39.894001724077704,37.47004852646882,2.4239531976088813
221,59.5,364.75,342.65,22.099999999999994,1.0132495713687668,0.27624999999999994,39.915888434665604,37.49740691470368,2.4184815199619223
222,60.0,364.95,342.65,22.299999999999997,1.0132495713687668,0.27874999999999994,39.9377751452535,37.49740691470368,2.440368230549815
223,0.0,303.75,303.15,0.6000000000000014,0.3799685892632876,0.007500000000000018,-2443.7236851922617,-2438.8965766783017,-4.827108513959956
224,0.5,303.95,303.15,0.8000000000000007,0.3799685892632876,0.010000000000000009,-2445.3327213635816,-2438.8965766783017,-6.436144685279942
225,1.0,303.95,303.15,0.8000000000000007,0.3799685892632876,0.010000000000000009,-2445.3327213635816,-2438.8965766783017,-6.436144685279942
226,1.5,304.95,303.15,1.8000000000000007,0.3799685892632876,0.02250000000000001,-2453.3779022201816,-2438.8965766783017,-14.481325541879869
227,2.0,306.34999999999997,303.4,2.950000000000003,0.3799685892632876,0.03687500000000003,-2464.6411554194215,-2440.9078718924516,-23.7332835269699
228,2.5,307.75,304.15,3.6000000000000014,0.3799685892632876,0.04500000000000002,-2475.904408618662,-2446.941757534901,-28.962651083760647
229,3.0,309.34999999999997,304.9,4.450000000000003,0.3799685892632876,0.055625000000000036,-2488.7766979892217,-2452.9756431773517,-35.80105481187002
230,3.5,311.15,305.4,5.75,0.3799685892632876,0.071875,-2503.258023531102,-2456.9982336056514,-46.259789925450605
231,4.0,313.15,306.15,7.0,0.3799685892632876,0.0875,-2519.348385244302,-2463.0321192481015,-56.3162659962004
232,4.5,314.95,306.9,8.049999999999997,0.3799685892632876,0.10062499999999996,-2533.8297107861817,-2469.0660048905515,-64.76370589563021
233,5.0,316.95,307.65,9.299999999999997,0.3799685892632876,0.11624999999999996,-2549.920072499382,-2475.0998905330016,-74.82018196638046
234,5.5,318.54999999999995,308.65,9.899999999999999,0.3799685892632876,0.12374999999999999,-2562.792361869942,-2483.1450713896015,-79.64729048034042
235,6.0,320.34999999999997,309.15,11.200000000000003,0.3799685892632876,0.14000000000000004,-2577.273687411822,-2487.1676618179017,-90.1060255939201
236,6.5,322.34999999999997,310.4,11.950000000000003,0.3799685892632876,0.14937500000000004,-2593.364049125022,-2497.2241378886515,-96.13991123637061
237,7.0,323.95,311.15,12.799999999999997,0.4132991672688391,0.15999999999999998,-2379.773572025152,-2285.7433151277237,-94.03025689742844
238,7.5,325.34999999999997,311.65,13.700000000000003,0.4132991672688391,0.17125000000000004,-2390.0581313733082,-2289.416372037779,-100.64175933552906
239,8.0,326.95,312.4,14.549999999999997,0.4132991672688391,0.18187499999999995,-2401.811913485487,-2294.9259574028633,-106.88595608262358
240,8.5,328.54999999999995,313.4,15.149999999999999,0.4132991672688391,0.189375,-2413.565695597665,-2302.272071222975,-111.29362437469035
241,9.0,330.15,313.9,16.25,0.44662974527439064,0.203125,-2212.4324319197626,-2103.536393698663,-108.89603822109984
242,9.5,331.75,314.65,17.1,0.44662974527439064,0.21375000000000002,-2223.1545033753787,-2108.562364693483,-114.5921386818959
243,10.0,332.95,315.4,17.549999999999997,0.44662974527439064,0.21937499999999996,-2231.196056967091,-2113.588335688303,-117.60772127878818
244,10.5,334.34999999999997,316.15,18.200000000000003,0.4799603232799422,0.22750000000000004,-2040.5069500592763,-1929.4340429527147,-111.07290710656162
245,11.0,335.34999999999997,316.65,18.700000000000003,0.4799603232799422,0.23375000000000004,-2046.6098570431532,-1932.4854964446533,-114.12436059849983
246,11.5,336.54999999999995,317.15,19.4,0.4799603232799422,0.2425,-2053.9333454238053,-1935.5369499365916,-118.3963954872138
247,12.0,337.95,318.15,19.799999999999997,0.4799603232799422,0.24749999999999997,-2062.4774152012337,-1941.639856920469,-120.83755828076482
248,12.5,338.95,318.4,20.549999999999997,0.5132909012854937,0.25687499999999996,-1879.3797324677976,-1765.4359251150518,-113.94380735274581
249,13.0,340.34999999999997,319.15,21.200000000000003,0.5132909012854937,0.265,-1887.1423276159164,-1769.5944582301152,-117.54786938580128
250,13.5,340.95,319.9,21.049999999999997,0.5466214792910453,0.26312499999999994,-1712.129956723146,-1606.4243236713137,-105.70563305183236
251,14.0,341.95,320.4,21.549999999999997,0.5466214792910453,0.269375,-1717.1516019987673,-1608.935146309124,-108.21645568964323
252,14.5,342.95,320.9,22.049999999999997,0.5799520572965968,0.27562499999999995,-1553.4088291666776,-1453.5322737413235,-99.87655542535413
253,15.0,343.75,320.9,22.849999999999994,0.5799520572965968,0.2856249999999999,-1557.0324683657836,-1453.5322737413235,-103.50019462446016
254,15.5,345.15,321.9,23.25,0.6132826353021483,0.290625,-1403.0205532179834,-1308.510259541848,-94.51029367613546
255,16.0,345.75,322.15,23.599999999999994,0.6132826353021483,0.29499999999999993,-1405.459528538658,-1309.5264992587956,-95.93302927986247
256,16.5,346.75,322.9,23.849999999999994,0.6132826353021483,0.2981249999999999,-1409.5244874064488,-1312.5752184096389,-96.9492689968099
257,17.0,346.95,323.15,23.799999999999997,0.6132826353021483,0.2975,-1410.3374791800068,-1313.5914581265863,-96.74602105342046
258,17.5,347.54999999999995,323.15,24.400000000000006,0.6466132133076999,0.30500000000000005,-1259.8555507806336,-1171.406477441409,-88.4490733392247
259,18.0,348.75,324.15,24.599999999999994,0.6799437913132514,0.30749999999999994,-1118.4709382962067,-1039.5766441540225,-78.89429414218421
260,18.5,349.15,324.4,24.75,0.6799437913132514,0.309375,-1119.753772347299,-1040.3784154359553,-79.37535691134372
261,19.0,349.54999999999995,324.9,24.650000000000006,0.6799437913132514,0.3081250000000001,-1121.036606398391,-1041.9819579998207,-79.05464839857041
262,19.5,349.95,325.15,24.799999999999997,0.6799437913132514,0.30999999999999994,-1122.3194404494839,-1042.7837292817535,-79.53571116773037
263,20.0,347.34999999999997,327.65,19.700000000000003,0.713274369318803,0.24625000000000002,-975.7791517367707,-920.4377114338647,-55.341440302905994
264,20.5,349.95,328.15,21.799999999999997,0.713274369318803,0.27249999999999996,-983.0830981726873,-921.8423165176948,-61.240781654992475
265,21.0,350.95,328.9,22.049999999999997,0.7466049473243546,0.27562499999999995,-852.6363525075327,-799.0656684420217,-53.570684065511045
266,21.5,349.34999999999997,331.15,18.200000000000003,0.7466049473243546,0.22750000000000004,-848.7491373372462,-804.532064775237,-44.21707256200921
267,22.0,350.95,330.15,20.799999999999997,0.7466049473243546,0.25999999999999995,-852.6363525075327,-802.102555293808,-50.53379721372471
268,22.5,352.15,329.9,22.25,0.7466049473243546,0.278125,-855.5517638852476,-801.4951779234508,-54.05658596179683
269,23.0,352.95,329.9,23.049999999999997,0.7466049473243546,0.28812499999999996,-857.4953714703909,-801.4951779234508,-56.00019354694007
270,23.5,353.15,329.4,23.75,0.7799355253299061,0.296875,-729.7473954747043,-680.6705141423406,-49.076881332363655
271,24.0,353.75,330.65,23.099999999999994,0.7799355253299061,0.28874999999999995,-730.987232476785,-683.2535078966755,-47.73372458010954
272,24.5,354.15,331.15,23.0,0.8132661033354576,0.2875,-608.5990302580441,-569.0740332343677,-39.524997023676406
273,25.0,354.54999999999995,331.4,23.150000000000006,0.8132661033354576,0.28937500000000005,-609.2864215106298,-569.5036527672337,-39.782768743396105
274,25.5,354.54999999999995,331.65,22.900000000000006,0.8132661033354576,0.28625000000000006,-609.2864215106298,-569.9332723000998,-39.35314921052998
275,26.0,354.95,332.65,22.299999999999997,0.8132661033354576,0.27874999999999994,-609.9738127632154,-571.651750431564,-38.32206233165141
276,26.5,355.54999999999995,332.65,22.900000000000006,0.8132661033354576,0.28625000000000006,-611.0048996420938,-571.651750431564,-39.353149210529864
277,27.0,355.95,332.9,23.049999999999997,0.8132661033354576,0.28812499999999996,-611.6922908946797,-572.08136996443,-39.61092093024968
278,27.5,355.95,333.4,22.549999999999997,0.8132661033354576,0.281875,-611.6922908946797,-572.9406090301621,-38.751681864517536
279,28.0,356.54999999999995,333.9,22.650000000000006,0.8132661033354576,0.28312500000000007,-612.7233777735581,-573.7998480958942,-38.923529677663964
280,28.5,356.54999999999995,334.9,21.650000000000006,0.8132661033354576,0.27062500000000006,-612.7233777735581,-575.5183262273584,-37.205051546199684
281,29.0,356.54999999999995,334.9,21.650000000000006,0.8132661033354576,0.27062500000000006,-612.7233777735581,-575.5183262273584,-37.205051546199684
282,29.5,356.95,335.4,21.549999999999997,0.8132661033354576,0.269375,-613.4107690261438,-576.3775652930905,-37.03320373305337
283,30.0,357.34999999999997,335.9,21.450000000000003,0.8465966813410092,0.26812500000000006,-494.76453300103014,-465.06620018202335,-29.698332819006794
284,30.5,357.54999999999995,336.15,21.400000000000006,0.8465966813410092,0.26750000000000007,-495.0414405331421,-465.4123345971633,-29.629105935978828
285,31.0,357.75,335.9,21.849999999999994,0.8465966813410092,0.27312499999999995,-495.31834806525416,-465.06620018202335,-30.252147883230805
286,31.5,357.54999999999995,336.15,21.400000000000006,0.8465966813410092,0.26750000000000007,-495.0414405331421,-465.4123345971633,-29.629105935978828
287,32.0,358.34999999999997,336.65,21.700000000000003,0.8465966813410092,0.27125000000000005,-496.14907066159,-466.1046034274431,-30.04446723414685
288,32.5,357.95,336.65,21.299999999999997,0.8465966813410092,0.26625,-495.595255597366,-466.1046034274431,-29.490652169922896
289,33.0,358.75,337.15,21.599999999999994,0.8465966813410092,0.2699999999999999,-496.70288572581387,-466.796872257723,-29.906013468090862
290,33.5,358.75,337.9,20.849999999999994,0.8799272593465607,0.26062499999999994,-381.5284412863826,-359.3545932004702,-22.17384808591237
291,34.0,359.15,337.65,21.5,0.8799272593465607,0.26875,-381.9538388515799,-359.0887197222218,-22.865119129358106
292,34.5,359.54999999999995,338.4,21.150000000000006,0.8799272593465607,0.2643750000000001,-382.3792364167773,-359.88634015696687,-22.492896259810436
293,35.0,359.15,337.9,21.25,0.8799272593465607,0.265625,-381.9538388515799,-359.3545932004702,-22.599245651109698
294,35.5,359.15,338.65,20.5,0.8799272593465607,0.25625,-381.9538388515799,-360.1522136352152,-21.801625216364698
295,36.0,359.15,339.15,20.0,0.8799272593465607,0.25,-381.9538388515799,-360.6839605917119,-21.269878259867994
296,36.5,359.54999999999995,339.15,20.400000000000006,0.8799272593465607,0.25500000000000006,-382.3792364167773,-360.6839605917119,-21.69527582506538
297,37.0,360.15,339.15,21.0,0.8799272593465607,0.2625,-383.0173327645734,-360.6839605917119,-22.33337217286146
298,37.5,359.75,339.15,20.599999999999994,0.8799272593465607,0.25749999999999995,-382.591935199376,-360.6839605917119,-21.907974607664073
299,38.0,360.15,340.15,20.0,0.8799272593465607,0.25,-383.0173327645734,-361.74745450470533,-21.26987825986805
300,38.5,360.15,340.15,20.0,0.9132578373521122,0.25,-271.6927229669311,-256.60496936610195,-15.08775360082916
301,39.0,361.54999999999995,340.4,21.150000000000006,0.9132578373521122,0.2643750000000001,-272.7488657189891,-256.7935662861123,-15.955299432876814
302,39.5,360.75,339.9,20.849999999999994,0.9132578373521122,0.26062499999999994,-272.145355574956,-256.41637244609154,-15.728983128864456
303,40.0,361.34999999999997,339.9,21.450000000000003,0.9132578373521122,0.26812500000000006,-272.5979881829809,-256.41637244609154,-16.18161573688934
304,40.5,361.54999999999995,341.15,20.400000000000006,0.9465884153576638,0.25500000000000006,-164.99802113040158,-155.68821714461762,-9.309803985783958
305,41.0,361.54999999999995,340.9,20.650000000000006,0.9465884153576638,0.25812500000000005,-164.99802113040158,-155.57412640949775,-9.423894720903832
306,41.5,361.75,341.4,20.349999999999994,0.9465884153576638,0.2543749999999999,-165.08929371849754,-155.80230787973753,-9.286985838760017
307,42.0,361.95,341.9,20.049999999999997,0.9465884153576638,0.250625,-165.18056630659345,-156.03048934997736,-9.15007695661609
308,42.5,362.15,342.4,19.75,0.9465884153576638,0.246875,-165.27183889468935,-156.25867082021716,-9.01316807447219
309,43.0,362.15,341.9,20.25,0.9465884153576638,0.253125,-165.27183889468935,-156.03048934997736,-9.241349544711994
310,43.5,361.75,340.9,20.849999999999994,0.9465884153576638,0.26062499999999994,-165.08929371849754,-155.57412640949775,-9.515167308999793
311,44.0,361.75,341.15,20.599999999999994,0.9465884153576638,0.25749999999999995,-165.08929371849754,-155.68821714461762,-9.40107657387992
312,44.5,361.54999999999995,341.65,19.900000000000006,0.9465884153576638,0.24875000000000008,-164.99802113040158,-155.91639861485743,-9.081622515544154
313,45.0,361.75,341.65,20.099999999999994,0.9465884153576638,0.2512499999999999,-165.08929371849754,-155.91639861485743,-9.172895103640116
314,45.5,362.54999999999995,341.65,20.900000000000006,0.9465884153576638,0.2612500000000001,-165.45438407088122,-155.91639861485743,-9.53798545602379
315,46.0,362.54999999999995,342.15,20.400000000000006,0.9465884153576638,0.25500000000000006,-165.45438407088122,-156.14458008509726,-9.309803985783958
316,46.5,362.15,341.65,20.5,0.9465884153576638,0.25625,-165.27183889468935,-155.91639861485743,-9.355440279831924
317,47.0,361.95,341.4,20.549999999999997,0.9465884153576638,0.25687499999999996,-165.18056630659345,-155.80230787973753,-9.378258426855922
318,47.5,362.34999999999997,340.9,21.450000000000003,0.9465884153576638,0.26812500000000006,-165.36311148278529,-155.57412640949775,-9.788985073287535
319,48.0,362.54999999999995,340.9,21.650000000000006,0.9465884153576638,0.27062500000000006,-165.45438407088122,-155.57412640949775,-9.880257661383467
320,48.5,362.75,341.4,21.349999999999994,0.9465884153576638,0.2668749999999999,-165.54565665897712,-155.80230787973753,-9.743348779239597
321,49.0,362.75,341.9,20.849999999999994,0.9465884153576638,0.26062499999999994,-165.54565665897712,-156.03048934997736,-9.515167308999764
322,49.5,362.75,341.9,20.849999999999994,0.9465884153576638,0.26062499999999994,-165.54565665897712,-156.03048934997736,-9.515167308999764
323,50.0,362.34999999999997,341.4,20.950000000000003,0.9465884153576638,0.261875,-165.36311148278529,-155.80230787973753,-9.56080360304776
324,50.5,362.95,342.4,20.549999999999997,0.9465884153576638,0.25687499999999996,-165.63692924707306,-156.25867082021716,-9.378258426855894
325,51.0,362.95,342.4,20.549999999999997,0.9465884153576638,0.25687499999999996,-165.63692924707306,-156.25867082021716,-9.378258426855894
326,51.5,362.54999999999995,342.15,20.400000000000006,0.9465884153576638,0.25500000000000006,-165.45438407088122,-156.14458008509726,-9.309803985783958
327,52.0,362.95,342.15,20.799999999999997,0.9465884153576638,0.25999999999999995,-165.63692924707306,-156.14458008509726,-9.492349161975795
328,52.5,363.34999999999997,341.15,22.200000000000003,0.9465884153576638,0.2775,-165.8194744232649,-155.68821714461762,-10.131257278647269
329,53.0,362.54999999999995,340.9,21.650000000000006,0.9465884153576638,0.27062500000000006,-165.45438407088122,-155.57412640949775,-9.880257661383467
330,53.5,362.75,341.4,21.349999999999994,0.9465884153576638,0.2668749999999999,-165.54565665897712,-155.80230787973753,-9.743348779239597
331,54.0,363.15,341.4,21.75,0.9465884153576638,0.271875,-165.728201835169,-155.80230787973753,-9.925893955431462
332,54.5,362.75,341.65,21.099999999999994,0.9465884153576638,0.26374999999999993,-165.54565665897712,-155.91639861485743,-9.629258044119695
333,55.0,363.34999999999997,341.9,21.450000000000003,0.9465884153576638,0.26812500000000006,-165.8194744232649,-156.03048934997736,-9.788985073287535
334,55.5,363.54999999999995,342.4,21.150000000000006,0.9465884153576638,0.2643750000000001,-165.9107470113608,-156.25867082021716,-9.652076191143635
335,56.0,362.95,342.4,20.549999999999997,0.9465884153576638,0.25687499999999996,-165.63692924707306,-156.25867082021716,-9.378258426855894
336,56.5,363.15,342.9,20.25,0.9465884153576638,0.253125,-165.728201835169,-156.48685229045694,-9.241349544712051
337,57.0,363.54999999999995,342.9,20.650000000000006,0.9465884153576638,0.25812500000000005,-165.9107470113608,-156.48685229045694,-9.42389472090386
338,57.5,363.34999999999997,342.9,20.450000000000003,0.9465884153576638,0.25562500000000005,-165.8194744232649,-156.48685229045694,-9.332622132807955
339,58.0,363.54999999999995,343.15,20.400000000000006,0.9465884153576638,0.25500000000000006,-165.9107470113608,-156.60094302557684,-9.309803985783958
340,58.5,362.75,343.15,19.599999999999994,0.9465884153576638,0.24499999999999994,-165.54565665897712,-156.60094302557684,-8.944713633400283
341,59.0,362.95,343.4,19.549999999999997,0.9465884153576638,0.24437499999999995,-165.63692924707306,-156.71503376069677,-8.921895486376286
342,59.5,362.95,343.15,19.799999999999997,0.9465884153576638,0.24749999999999997,-165.63692924707306,-156.60094302557684,-9.035986221496216
343,60.0,363.34999999999997,343.65,19.700000000000003,0.9465884153576638,0.24625000000000002,-165.8194744232649,-156.82912449581667,-8.990349927448221
344,0.0,303.15,303.15,0.0,0.4799603232799422,0.0,-1850.0962521623137,-1850.0962521623137,0.0
345,0.5,303.15,303.15,0.0,0.4799603232799422,0.0,-1850.0962521623137,-1850.0962521623137,0.0
346,1.0,303.95,303.15,0.8000000000000007,0.4799603232799422,0.010000000000000009,-1854.9785777494155,-1850.0962521623137,-4.882325587101832
347,1.5,304.75,303.15,1.6000000000000014,0.4799603232799422,0.020000000000000018,-1859.8609033365171,-1850.0962521623137,-9.764651174203436
348,2.0,306.15,303.15,3.0,0.4799603232799422,0.0375,-1868.4049731139448,-1850.0962521623137,-18.30872095163113
349,2.5,307.54999999999995,304.15,3.3999999999999986,0.4799603232799422,0.04249999999999998,-1876.9490428913725,-1856.1991591461906,-20.749883745181933
350,3.0,309.95,304.65,5.299999999999997,0.4799603232799422,0.06624999999999996,-1891.5960196526776,-1859.2506126381293,-32.3454070145483
351,3.5,311.75,305.15,6.600000000000001,0.4799603232799422,0.08250000000000002,-1902.5812522236563,-1862.302066130068,-40.27918609358835
352,4.0,313.34999999999997,305.65,7.700000000000003,0.4799603232799422,0.09625000000000003,-1912.3459033978593,-1865.3535196220062,-46.99238377585311
353,4.5,315.54999999999995,306.65,8.899999999999999,0.4799603232799422,0.11124999999999999,-1925.7722987623883,-1871.4564266058835,-54.31587215650484
354,5.0,317.15,307.4,9.75,0.4799603232799422,0.121875,-1935.5369499365916,-1876.033606843791,-59.503343092800606
355,5.5,319.15,308.4,10.75,0.4799603232799422,0.134375,-1947.7427639043458,-1882.1365138276678,-65.60625007667795
356,6.0,321.34999999999997,308.9,12.450000000000003,0.4799603232799422,0.15562500000000004,-1961.169159268875,-1885.1879673196065,-75.98119194926858
357,6.5,322.95,309.4,13.549999999999997,0.4799603232799422,0.16937499999999997,-1970.9338104430785,-1888.2394208115452,-82.69438963153334
358,7.0,324.34999999999997,310.15,14.200000000000003,0.5132909012854937,0.17750000000000005,-1798.4269544945569,-1719.6920608493506,-78.73489364520628
359,7.5,325.95,311.15,14.799999999999997,0.5132909012854937,0.18499999999999997,-1807.2984918066932,-1725.2367716694357,-82.06172013725745
360,8.0,327.75,311.9,15.850000000000001,0.5466214792910453,0.19812500000000002,-1645.8442390849425,-1566.2511614663417,-79.59307761860077
361,8.5,329.34999999999997,312.65,16.700000000000003,0.5466214792910453,0.20875000000000005,-1653.8788715259366,-1570.017395423058,-83.86147610287867
362,9.0,331.34999999999997,313.4,17.950000000000003,0.5466214792910453,0.22437500000000005,-1663.9221620771796,-1573.7836293797739,-90.13853269740571
363,9.5,332.34999999999997,313.9,18.450000000000003,0.5799520572965968,0.23062500000000002,-1505.3956097785253,-1421.8254307491475,-83.57017902937787
364,10.0,333.75,314.65,19.1,0.5799520572965968,0.23875000000000002,-1511.736978376961,-1425.222592498309,-86.51438587865186
365,10.5,335.15,315.65,19.5,0.5799520572965968,0.24375,-1518.0783469753958,-1429.7521414971916,-88.3262054782042
366,11.0,336.54999999999995,315.9,20.65,0.6132826353021483,0.258125,-1368.0619069549828,-1284.1205063351033,-83.94140061987946
367,11.5,337.34999999999997,316.65,20.700000000000003,0.6132826353021483,0.25875000000000004,-1371.3138740492154,-1287.1692254859465,-84.1446485632689
368,12.0,339.15,317.4,21.75,0.6466132133076999,0.271875,-1229.405869794999,-1150.5629458143378,-78.84292398066123
369,12.5,340.15,318.4,21.75,0.6466132133076999,0.271875,-1233.0308318170983,-1154.1879078364373,-78.842923980661
370,13.0,341.75,319.4,22.349999999999994,0.6799437913132514,0.27937499999999993,-1096.021342402089,-1024.3429897972999,-71.6783526047891
371,13.5,342.54999999999995,319.4,23.150000000000006,0.6799437913132514,0.28937500000000005,-1098.5870105042738,-1024.3429897972999,-74.24402070697397
372,14.0,343.54999999999995,319.9,23.650000000000006,0.713274369318803,0.2956250000000001,-965.1041530996619,-898.6663326344983,-66.43782046516355
373,14.5,344.54999999999995,319.9,24.650000000000006,0.7466049473243546,0.3081250000000001,-837.0874918263867,-777.2000831091601,-59.88740871722655
374,15.0,345.15,320.15,25.0,0.7466049473243546,0.3125,-838.5451975152441,-777.8074604795172,-60.73773703572692
375,15.5,346.54999999999995,321.15,25.400000000000006,0.7466049473243546,0.31750000000000006,-841.9465107892447,-780.2369699609463,-61.70954082829837
376,16.0,346.95,322.15,24.799999999999997,0.7799355253299061,0.30999999999999994,-716.9357464532031,-665.6891503671981,-51.24659608600507
377,16.5,347.54999999999995,322.4,25.150000000000006,0.8132661033354576,0.31437500000000007,-597.2570745903804,-554.037349584056,-43.21972500632444
378,17.0,348.54999999999995,322.9,25.650000000000006,0.8132661033354576,0.32062500000000005,-598.9755527218446,-554.8965886497881,-44.078964072056465
379,17.5,349.34999999999997,323.15,26.200000000000003,0.8132661033354576,0.3275,-600.350335227016,-555.326208182654,-45.02412704436199
380,18.0,349.75,323.15,26.599999999999994,0.8465966813410092,0.3324999999999999,-484.24204678077604,-447.41334500988637,-36.828701770889666
381,18.5,350.54999999999995,323.9,26.650000000000006,0.8465966813410092,0.33312500000000006,-485.34967690922383,-448.4517482553062,-36.89792865391763
382,19.0,350.95,324.15,26.799999999999997,0.8465966813410092,0.33499999999999996,-485.90349197344773,-448.79788267044614,-37.105609303001586
383,19.5,351.54999999999995,324.9,26.650000000000006,0.8799272593465607,0.33312500000000006,-373.8712851128301,-345.5291723315559,-28.34211278127418
384,20.0,352.34999999999997,325.65,26.700000000000003,0.9132578373521122,0.33375000000000005,-265.8084990626077,-245.6663480055008,-20.14215105710693
385,20.5,352.54999999999995,326.65,25.900000000000006,0.9465884153576638,0.3237500000000001,-160.89075466608514,-149.07095450766334,-11.819800158421799
386,21.0,352.75,326.65,26.099999999999994,0.9465884153576638,0.32624999999999993,-160.98202725418108,-149.07095450766334,-11.911072746517732
387,21.5,353.34999999999997,326.9,26.450000000000003,0.9799189933632153,0.33062500000000006,-59.59338592683467,-55.1325254265806,-4.460860500254071
388,22.0,354.34999999999997,327.65,26.700000000000003,0.9799189933632153,0.33375000000000005,-59.762038497732746,-55.25901485475415,-4.503023642978597
389,22.5,354.75,328.4,26.349999999999994,0.9799189933632153,0.3293749999999999,-59.829499526091986,-55.38550428292771,-4.443995243164274
390,23.0,354.75,329.15,25.599999999999994,0.9799189933632153,0.31999999999999995,-59.829499526091986,-55.51199371110126,-4.317505814990724
391,23.5,355.15,328.9,26.25,0.9799189933632153,0.328125,-59.89696055445121,-55.46983056837675,-4.427129986074462
392,24.0,355.34999999999997,329.9,25.450000000000003,1.0132495713687668,0.31812500000000005,38.88721303703474,36.10212911472565,2.7850839223090915
393,24.5,355.75,330.4,25.349999999999994,1.0132495713687668,0.3168749999999999,38.93098645821052,36.15684589119538,2.774140567015138
394,25.0,355.95,330.65,25.299999999999997,1.0132495713687668,0.31625,38.95287316879841,36.18420427943024,2.768668889368172
395,25.5,356.15,330.65,25.5,1.0132495713687668,0.31875,38.9747598793863,36.18420427943024,2.7905555999560576
396,26.0,356.54999999999995,330.9,25.650000000000006,1.0132495713687668,0.32062500000000005,39.01853330056208,36.211562667665106,2.8069706328969772
397,26.5,356.15,330.9,25.25,1.0132495713687668,0.315625,38.9747598793863,36.211562667665106,2.7631972117211916
398,27.0,357.34999999999997,330.9,26.450000000000003,1.0132495713687668,0.33062500000000006,39.10608014291364,36.211562667665106,2.8945174752485343
399,27.5,357.34999999999997,330.9,26.450000000000003,1.0132495713687668,0.33062500000000006,39.10608014291364,36.211562667665106,2.8945174752485343
400,28.0,357.54999999999995,331.9,25.650000000000006,1.0132495713687668,0.32062500000000005,39.12796685350153,36.32099622060456,2.80697063289697
401,28.5,358.34999999999997,332.15,26.200000000000003,1.0622855177305341,0.3275,180.01877994772138,166.85708876694753,13.161691180773857
402,29.0,358.34999999999997,332.9,25.450000000000003,1.0622855177305341,0.31812500000000005,180.01877994772138,167.23385473586282,12.784925211858564
403,29.5,358.54999999999995,333.65,24.900000000000006,1.1113214640923017,0.3112500000000001,314.6423848624954,292.79160984345725,21.850775019038167
404,30.0,359.15,333.65,25.5,1.1113214640923017,0.31875,315.1689095617494,292.79160984345725,22.377299718292136
405,30.5,358.95,333.65,25.299999999999997,1.1113214640923017,0.31625,314.9934013286648,292.79160984345725,22.201791485207536
406,31.0,359.15,334.4,24.75,1.1113214640923017,0.309375,315.1689095617494,293.4497657175247,21.719143844224675
407,31.5,359.34999999999997,334.4,24.950000000000003,1.1113214640923017,0.311875,315.34441779483404,293.4497657175247,21.89465207730933
408,32.0,359.15,334.4,24.75,1.1113214640923017,0.309375,315.1689095617494,293.4497657175247,21.719143844224675
409,32.5,359.75,335.15,24.599999999999994,1.1113214640923017,0.30749999999999994,315.69543426100336,294.1079215915921,21.58751266941124
410,33.0,359.54999999999995,334.9,24.650000000000006,1.1603574104540693,0.3081250000000001,444.59262666855017,414.11228110498524,30.480345563564924
411,33.5,360.75,336.15,24.599999999999994,1.1603574104540693,0.30749999999999994,446.0764568785412,415.65793757372586,30.418519304815334
412,34.0,360.34999999999997,335.65,24.700000000000003,1.1603574104540693,0.30875,445.5818468085441,415.0396749862296,30.542171822314515
413,34.5,360.95,335.65,25.299999999999997,1.1603574104540693,0.31625,446.3237619135396,415.0396749862296,31.28408692731
414,35.0,360.34999999999997,335.15,25.200000000000003,1.1603574104540693,0.31500000000000006,445.5818468085441,414.4214123987333,31.16043440981082
415,35.5,361.34999999999997,337.15,24.200000000000003,1.1603574104540693,0.30250000000000005,446.8183719835366,416.89446274871835,29.923909234818268
416,36.0,361.75,337.15,24.599999999999994,1.2093933568158366,0.30749999999999994,571.7995348583025,532.9155858396039,38.88394901869867
417,36.5,361.34999999999997,336.9,24.450000000000003,1.2093933568158366,0.30562500000000004,571.1672755246651,532.5204237560805,38.64685176858461
418,37.0,360.95,337.15,23.799999999999997,1.2093933568158366,0.2975,570.5350161910278,532.9155858396039,37.619430351423944
419,37.5,361.34999999999997,337.65,23.700000000000003,1.2093933568158366,0.29625,571.1672755246651,533.7059100066506,37.46136551801453
420,38.0,361.34999999999997,337.15,24.200000000000003,1.2093933568158366,0.30250000000000005,571.1672755246651,532.9155858396039,38.25168968506125
421,38.5,361.75,336.9,24.849999999999994,1.2093933568158366,0.31062499999999993,571.7995348583025,532.5204237560805,39.27911110222203
422,39.0,361.54999999999995,336.4,25.150000000000006,1.2093933568158366,0.31437500000000007,571.4834051914838,531.7300995890338,39.75330560245004
423,39.5,361.95,337.15,24.799999999999997,1.2093933568158366,0.30999999999999994,572.1156645251212,532.9155858396039,39.20007868551738
424,40.0,362.75,337.65,25.099999999999994,1.2093933568158366,0.3137499999999999,573.380183192396,533.7059100066506,39.67427318574539
425,40.5,362.75,337.65,25.099999999999994,1.2093933568158366,0.3137499999999999,573.380183192396,533.7059100066506,39.67427318574539
426,41.0,362.34999999999997,337.15,25.200000000000003,1.2093933568158366,0.31500000000000006,572.7479238587586,532.9155858396039,39.83233801915469
427,41.5,362.95,337.9,25.049999999999997,1.2093933568158366,0.313125,573.6963128592147,534.101072090174,39.59524076904074
428,42.0,362.95,337.9,25.049999999999997,1.258429303177604,0.313125,693.6309419333364,645.7580803947496,47.87286153858679
429,42.5,363.15,338.15,25.0,1.258429303177604,0.3125,694.0131603887344,646.2358534639969,47.777306924737445
430,43.0,363.54999999999995,338.15,25.400000000000006,1.258429303177604,0.31750000000000006,694.77759729953,646.2358534639969,48.54174383553311
431,43.5,363.34999999999997,337.9,25.450000000000003,1.258429303177604,0.31812500000000005,694.3953788441322,645.7580803947496,48.63729844938257
432,44.0,363.54999999999995,338.4,25.150000000000006,1.258429303177604,0.31437500000000007,694.77759729953,646.7136265332443,48.063970766285706
433,44.5,363.54999999999995,338.9,24.650000000000006,1.258429303177604,0.3081250000000001,694.77759729953,647.6691726717391,47.108424627790896
434,45.0,363.75,338.65,25.099999999999994,1.258429303177604,0.3137499999999999,695.1598157549281,647.1913996024917,47.96841615243636
435,45.5,363.95,338.9,25.049999999999997,1.258429303177604,0.313125,695.5420342103259,647.6691726717391,47.87286153858679
436,46.0,364.54999999999995,339.15,25.400000000000006,1.258429303177604,0.31750000000000006,696.6886895765196,648.1469457409866,48.541743835533
437,46.5,363.95,338.9,25.049999999999997,1.258429303177604,0.313125,695.5420342103259,647.6691726717391,47.87286153858679
438,47.0,363.95,339.65,24.299999999999997,1.258429303177604,0.30374999999999996,695.5420342103259,649.1024918794812,46.43954233084469
439,47.5,364.15,340.15,24.0,1.258429303177604,0.3,695.9242526657239,650.058038017976,45.86621464774794
440,48.0,364.54999999999995,340.15,24.400000000000006,1.258429303177604,0.30500000000000005,696.6886895765196,650.058038017976,46.630651558543605
441,48.5,364.95,340.4,24.549999999999997,1.258429303177604,0.30687499999999995,697.4531264873154,650.5358110872234,46.91731540009209
442,49.0,365.15,340.9,24.25,1.258429303177604,0.303125,697.8353449427133,651.4913572257182,46.343987716995116
443,49.5,365.34999999999997,342.15,23.200000000000003,1.3074652495393715,0.29000000000000004,814.3297391440207,762.6191877600293,51.7105513839914
444,50.0,365.75,341.65,24.099999999999994,1.3074652495393715,0.3012499999999999,815.2213003747792,761.5047362215811,53.71656415319808
445,50.5,365.54999999999995,342.65,22.900000000000006,1.3074652495393715,0.28625000000000006,814.7755197593999,763.7336392984772,51.0418804609227
446,51.0,365.75,341.65,24.099999999999994,1.3074652495393715,0.3012499999999999,815.2213003747792,761.5047362215811,53.71656415319808
447,51.5,365.75,341.65,24.099999999999994,1.3074652495393715,0.3012499999999999,815.2213003747792,761.5047362215811,53.71656415319808
448,52.0,365.75,342.65,23.099999999999994,1.3074652495393715,0.28874999999999995,815.2213003747792,763.7336392984772,51.48766107630195
449,52.5,365.95,342.4,23.549999999999997,1.3074652495393715,0.29437499999999994,815.6670809901584,763.1764135292533,52.490667460905115
450,53.0,365.75,341.9,23.849999999999994,1.3074652495393715,0.2981249999999999,815.2213003747792,762.0619619908051,53.159338383974045
451,53.5,366.34999999999997,342.4,23.950000000000003,1.3074652495393715,0.29937500000000006,816.5586422209168,763.1764135292533,53.3822286916635
452,54.0,365.75,341.9,23.849999999999994,1.3074652495393715,0.2981249999999999,815.2213003747792,762.0619619908051,53.159338383974045
453,54.5,365.75,341.4,24.349999999999994,1.3074652495393715,0.30437499999999995,815.2213003747792,760.947510452357,54.27378992242211
454,55.0,365.34999999999997,341.4,23.950000000000003,1.3074652495393715,0.29937500000000006,814.3297391440207,760.947510452357,53.38222869166361
455,55.5,365.95,341.65,24.299999999999997,1.3074652495393715,0.30374999999999996,815.6670809901584,761.5047362215811,54.16234476857733
456,56.0,366.15,341.65,24.5,1.3074652495393715,0.30625,816.1128616055377,761.5047362215811,54.608125383956576
457,56.5,366.34999999999997,342.65,23.700000000000003,1.3565011959011388,0.29625,928.7013606296156,868.6215947038017,60.07976592581383
458,57.0,366.15,341.65,24.5,1.3565011959011388,0.30625,928.194358385516,866.0865834833033,62.10777490221267
459,57.5,365.95,341.65,24.299999999999997,1.3565011959011388,0.30374999999999996,927.6873561414163,866.0865834833033,61.60077265811299
460,58.0,366.15,341.9,24.25,1.3565011959011388,0.303125,928.194358385516,866.720336288428,61.47402209708798
461,58.5,366.34999999999997,341.9,24.450000000000003,1.3565011959011388,0.30562500000000004,928.7013606296156,866.720336288428,61.98102434118755
462,59.0,366.54999999999995,342.65,23.900000000000006,1.3565011959011388,0.29875000000000007,929.2083628737153,868.6215947038017,60.58676816991351
463,59.5,366.75,342.65,24.099999999999994,1.3565011959011388,0.3012499999999999,929.7153651178152,868.6215947038017,61.09377041401342
464,60.0,367.15,342.65,24.5,1.3565011959011388,0.30625,930.7293696060144,868.6215947038017,62.10777490221267
