,t(min),Te[K],Tc[K],dT[K],P[bar],Q[W],TR[K/W],alpha,beta,phase,GFE_Te[KJ/mol],GFE_Tc[KJ/mol],dG[KJ/mol]
0,00:00:00,302.15,302.15,0.0,0.4132991672688391,40,0.0,90,0,1,-2219.6282907467194,-2219.6282907467194,0.0
1,00:00:05,302.15,302.15,0.0,0.4132991672688391,40,0.0,90,0,1,-2219.6282907467194,-2219.6282907467194,0.0
2,00:00:10,302.15,302.15,0.0,0.4132991672688391,40,0.0,90,0,1,-2219.6282907467194,-2219.6282907467194,0.0
3,00:00:15,302.15,302.15,0.0,0.4132991672688391,40,0.0,90,0,1,-2219.6282907467194,-2219.6282907467194,0.0
4,00:00:20,302.15,302.15,0.0,0.4132991672688391,40,0.0,90,0,1,-2219.6282907467194,-2219.6282907467194,0.0
5,00:00:25,302.15,302.15,0.0,0.4132991672688391,40,0.0,90,0,1,-2219.6282907467194,-2219.6282907467194,0.0
6,00:00:30,302.15,302.15,0.0,0.4132991672688391,40,0.0,90,0,1,-2219.6282907467194,-2219.6282907467194,0.0
7,00:00:35,301.15,301.15,0.0,0.4132991672688391,40,0.0,90,0,1,-2212.2821769266075,-2212.2821769266075,0.0
8,00:00:40,302.15,302.15,0.0,0.4132991672688391,40,0.0,90,0,1,-2219.6282907467194,-2219.6282907467194,0.0
9,00:00:45,302.15,302.15,0.0,0.4132991672688391,40,0.0,90,0,1,-2219.6282907467194,-2219.6282907467194,0.0
10,00:00:50,302.15,302.15,0.0,0.4132991672688391,40,0.0,90,0,1,-2219.6282907467194,-2219.6282907467194,0.0
11,00:00:55,302.15,302.15,0.0,0.4132991672688391,40,0.0,90,0,1,-2219.6282907467194,-2219.6282907467194,0.0
12,00:01:00,302.15,302.15,0.0,0.4132991672688391,40,0.0,90,0,1,-2219.6282907467194,-2219.6282907467194,0.0
13,00:01:05,302.15,302.15,0.0,0.4132991672688391,40,0.0,90,0,1,-2219.6282907467194,-2219.6282907467194,0.0
14,00:01:10,302.15,302.15,0.0,0.4132991672688391,40,0.0,90,0,1,-2219.6282907467194,-2219.6282907467194,0.0
15,00:01:15,302.15,302.15,0.0,0.4132991672688391,40,0.0,90,0,1,-2219.6282907467194,-2219.6282907467194,0.0
16,00:01:20,302.15,302.15,0.0,0.4132991672688391,40,0.0,90,0,1,-2219.6282907467194,-2219.6282907467194,0.0
17,00:01:25,302.15,302.15,0.0,0.4132991672688391,40,0.0,90,0,1,-2219.6282907467194,-2219.6282907467194,0.0
18,00:01:30,302.65,302.15,0.5,0.4132991672688391,40,0.0125,90,0,1,-2223.301347656775,-2219.6282907467194,-3.673056910055493
19,00:01:35,302.9,302.15,0.75,0.4132991672688391,40,0.01875,90,0,1,-2225.137876111803,-2219.6282907467194,-5.509585365083694
20,00:01:40,302.9,302.15,0.75,0.4132991672688391,40,0.01875,90,0,1,-2225.137876111803,-2219.6282907467194,-5.509585365083694
21,00:01:45,302.9,302.15,0.75,0.4132991672688391,40,0.01875,90,0,1,-2225.137876111803,-2219.6282907467194,-5.509585365083694
22,00:01:50,303.15,302.15,1.0,0.4132991672688391,40,0.025,90,0,1,-2226.974404566831,-2219.6282907467194,-7.346113820111441
23,00:01:55,303.15,302.15,1.0,0.4132991672688391,40,0.025,90,0,1,-2226.974404566831,-2219.6282907467194,-7.346113820111441
24,00:02:00,303.15,302.15,1.0,0.4132991672688391,40,0.025,90,0,1,-2226.974404566831,-2219.6282907467194,-7.346113820111441
25,00:02:05,303.15,302.15,1.0,0.4132991672688391,40,0.025,90,0,1,-2226.974404566831,-2219.6282907467194,-7.346113820111441
26,00:02:10,303.4,302.15,1.25,0.4132991672688391,40,0.03125,90,0,1,-2228.810933021859,-2219.6282907467194,-9.182642275139642
27,00:02:15,303.65,302.15,1.5,0.4132991672688391,40,0.0375,90,0,1,-2230.6474614768867,-2219.6282907467194,-11.019170730167389
28,00:02:20,303.65,302.15,1.5,0.4132991672688391,40,0.0375,90,0,1,-2230.6474614768867,-2219.6282907467194,-11.019170730167389
29,00:02:25,303.65,302.15,1.5,0.4132991672688391,40,0.0375,90,0,1,-2230.6474614768867,-2219.6282907467194,-11.019170730167389
30,00:02:30,303.65,302.15,1.5,0.4132991672688391,40,0.0375,90,0,1,-2230.6474614768867,-2219.6282907467194,-11.019170730167389
31,00:02:35,304.4,302.15,2.25,0.4132991672688391,40,0.05625,90,0,1,-2236.1570468419704,-2219.6282907467194,-16.528756095251083
32,00:02:40,304.65,302.15,2.5,0.4132991672688391,40,0.0625,90,0,1,-2237.993575296998,-2219.6282907467194,-18.36528455027883
33,00:02:45,304.65,302.15,2.5,0.4132991672688391,40,0.0625,90,0,1,-2237.993575296998,-2219.6282907467194,-18.36528455027883
34,00:02:50,304.65,302.4,2.25,0.4132991672688391,40,0.05625,90,0,1,-2237.993575296998,-2221.464819201747,-16.528756095251083
35,00:02:55,304.65,302.4,2.25,0.4132991672688391,40,0.05625,90,0,1,-2237.993575296998,-2221.464819201747,-16.528756095251083
36,00:03:00,304.65,302.65,2.0,0.4132991672688391,40,0.05,90,0,1,-2237.993575296998,-2223.301347656775,-14.692227640223336
37,00:03:05,305.4,302.65,2.75,0.4132991672688391,40,0.06875,90,0,1,-2243.503160662082,-2223.301347656775,-20.20181300530703
38,00:03:10,305.4,302.65,2.75,0.4132991672688391,40,0.06875,90,0,1,-2243.503160662082,-2223.301347656775,-20.20181300530703
39,00:03:15,305.65,302.65,3.0,0.4132991672688391,40,0.075,90,0,1,-2245.3396891171096,-2223.301347656775,-22.038341460334777
40,00:03:20,305.65,302.65,3.0,0.4132991672688391,40,0.075,90,0,1,-2245.3396891171096,-2223.301347656775,-22.038341460334777
41,00:03:25,305.9,302.65,3.25,0.4132991672688391,40,0.08125,90,0,1,-2247.176217572138,-2223.301347656775,-23.87486991536298
42,00:03:30,306.15,302.65,3.5,0.4132991672688391,40,0.0875,90,0,1,-2249.0127460271656,-2223.301347656775,-25.711398370390725
43,00:03:35,306.4,302.65,3.75,0.4132991672688391,40,0.09375,90,0,1,-2250.849274482194,-2223.301347656775,-27.547926825418926
44,00:03:40,306.4,302.65,3.75,0.4132991672688391,40,0.09375,90,0,1,-2250.849274482194,-2223.301347656775,-27.547926825418926
45,00:03:45,306.4,302.65,3.75,0.4132991672688391,40,0.09375,90,0,1,-2250.849274482194,-2223.301347656775,-27.547926825418926
46,00:03:50,306.4,302.65,3.75,0.4132991672688391,40,0.09375,90,0,1,-2250.849274482194,-2223.301347656775,-27.547926825418926
47,00:03:55,306.4,302.65,3.75,0.4132991672688391,40,0.09375,90,0,1,-2250.849274482194,-2223.301347656775,-27.547926825418926
48,00:04:00,306.9,302.65,4.25,0.4132991672688391,40,0.10625,90,0,1,-2254.5223313922493,-2223.301347656775,-31.22098373547442
49,00:04:05,306.9,302.9,4.0,0.4132991672688391,40,0.1,90,0,1,-2254.5223313922493,-2225.137876111803,-29.38445528044622
50,00:04:10,307.4,303.15,4.25,0.4132991672688391,40,0.10625,90,0,1,-2258.195388302305,-2226.974404566831,-31.22098373547442
51,00:04:15,307.4,303.15,4.25,0.4132991672688391,40,0.10625,90,0,1,-2258.195388302305,-2226.974404566831,-31.22098373547442
52,00:04:20,307.65,303.15,4.5,0.4132991672688391,40,0.1125,90,0,1,-2260.031916757333,-2226.974404566831,-33.057512190502166
53,00:04:25,307.65,303.15,4.5,0.4132991672688391,40,0.1125,90,0,1,-2260.031916757333,-2226.974404566831,-33.057512190502166
54,00:04:30,307.65,303.15,4.5,0.4132991672688391,40,0.1125,90,0,1,-2260.031916757333,-2226.974404566831,-33.057512190502166
55,00:04:35,308.15,303.15,5.0,0.4132991672688391,40,0.125,90,0,1,-2263.704973667389,-2226.974404566831,-36.730569100558114
56,00:04:40,308.15,303.15,5.0,0.4132991672688391,40,0.125,90,0,1,-2263.704973667389,-2226.974404566831,-36.730569100558114
57,00:04:45,308.4,303.4,5.0,0.4132991672688391,40,0.125,90,0,1,-2265.5415021224167,-2228.810933021859,-36.73056910055766
58,00:04:50,308.65,303.4,5.25,0.4132991672688391,40,0.13125,90,0,1,-2267.3780305774444,-2228.810933021859,-38.567097555585406
59,00:04:55,308.65,303.4,5.25,0.4132991672688391,40,0.13125,90,0,1,-2267.3780305774444,-2228.810933021859,-38.567097555585406
60,00:05:00,308.9,303.4,5.5,0.4132991672688391,40,0.1375,90,0,1,-2269.2145590324726,-2228.810933021859,-40.40362601061361
61,00:05:05,309.15,303.4,5.75,0.4132991672688391,40,0.14375,90,0,1,-2271.0510874875004,-2228.810933021859,-42.24015446564135
62,00:05:10,309.4,303.65,5.75,0.4132991672688391,40,0.14375,90,0,1,-2272.8876159425286,-2230.6474614768867,-42.24015446564181
63,00:05:15,309.4,303.65,5.75,0.4132991672688391,40,0.14375,90,0,1,-2272.8876159425286,-2230.6474614768867,-42.24015446564181
64,00:05:20,309.4,303.65,5.75,0.4132991672688391,40,0.14375,90,0,1,-2272.8876159425286,-2230.6474614768867,-42.24015446564181
65,00:05:25,309.65,303.65,6.0,0.4132991672688391,40,0.15,90,0,1,-2274.7241443975563,-2230.6474614768867,-44.076682920669555
66,00:05:30,309.65,303.65,6.0,0.4132991672688391,40,0.15,90,0,1,-2274.7241443975563,-2230.6474614768867,-44.076682920669555
67,00:05:35,309.9,303.65,6.25,0.4132991672688391,40,0.15625,90,0,1,-2276.560672852584,-2230.6474614768867,-45.9132113756973
68,00:05:40,310.15,303.9,6.25,0.4132991672688391,40,0.15625,90,0,1,-2278.397201307612,-2232.4839899319145,-45.9132113756973
69,00:05:45,310.4,303.9,6.5,0.4132991672688391,40,0.1625,90,0,1,-2280.23372976264,-2232.4839899319145,-47.7497398307255
70,00:05:50,310.4,303.9,6.5,0.4132991672688391,40,0.1625,90,0,1,-2280.23372976264,-2232.4839899319145,-47.7497398307255
71,00:05:55,310.4,303.9,6.5,0.4132991672688391,40,0.1625,90,0,1,-2280.23372976264,-2232.4839899319145,-47.7497398307255
72,00:06:00,310.65,303.9,6.75,0.4132991672688391,40,0.16875,90,0,1,-2282.0702582176677,-2232.4839899319145,-49.58626828575325
73,00:06:05,310.9,303.9,7.0,0.4132991672688391,40,0.175,90,0,1,-2283.906786672696,-2232.4839899319145,-51.42279674078145
74,00:06:10,311.4,304.15,7.25,0.4132991672688391,40,0.18125,90,0,1,-2287.5798435827514,-2234.3205183869422,-53.2593251958092
75,00:06:15,311.4,304.15,7.25,0.4132991672688391,40,0.18125,90,0,1,-2287.5798435827514,-2234.3205183869422,-53.2593251958092
76,00:06:20,311.4,304.4,7.0,0.4132991672688391,40,0.175,90,0,1,-2287.5798435827514,-2236.1570468419704,-51.422796740780996
77,00:06:25,311.4,304.65,6.75,0.4132991672688391,40,0.16875,90,0,1,-2287.5798435827514,-2237.993575296998,-49.58626828575325
78,00:06:30,311.65,304.65,7.0,0.4132991672688391,40,0.175,90,0,1,-2289.416372037779,-2237.993575296998,-51.422796740780996
79,00:06:35,311.65,304.65,7.0,0.4132991672688391,40,0.175,90,0,1,-2289.416372037779,-2237.993575296998,-51.422796740780996
80,00:06:40,312.15,304.65,7.5,0.4132991672688391,40,0.1875,90,0,1,-2293.089428947835,-2237.993575296998,-55.09585365083694
81,00:06:45,312.15,304.65,7.5,0.4132991672688391,40,0.1875,90,0,1,-2293.089428947835,-2237.993575296998,-55.09585365083694
82,00:06:50,312.4,304.65,7.75,0.4132991672688391,40,0.19375,90,0,1,-2294.9259574028633,-2237.993575296998,-56.932382105865145
83,00:06:55,312.4,304.9,7.5,0.4132991672688391,40,0.1875,90,0,1,-2294.9259574028633,-2239.8301037520264,-55.09585365083694
84,00:07:00,312.9,304.9,8.0,0.4132991672688391,40,0.2,90,0,1,-2298.599014312919,-2239.8301037520264,-58.76891056089244
85,00:07:05,313.15,304.9,8.25,0.4132991672688391,40,0.20625,90,0,1,-2300.4355427679466,-2239.8301037520264,-60.60543901592018
86,00:07:10,313.15,304.9,8.25,0.4132991672688391,40,0.20625,90,0,1,-2300.4355427679466,-2239.8301037520264,-60.60543901592018
87,00:07:15,313.15,304.9,8.25,0.4132991672688391,40,0.20625,90,0,1,-2300.4355427679466,-2239.8301037520264,-60.60543901592018
88,00:07:20,313.15,304.9,8.25,0.4132991672688391,40,0.20625,90,0,1,-2300.4355427679466,-2239.8301037520264,-60.60543901592018
89,00:07:25,313.4,304.9,8.5,0.4132991672688391,40,0.2125,90,0,1,-2302.272071222975,-2239.8301037520264,-62.441967470948384
90,00:07:30,313.9,304.9,9.0,0.4132991672688391,40,0.225,90,0,1,-2305.9451281330307,-2239.8301037520264,-66.11502438100433
91,00:07:35,313.9,304.9,9.0,0.4132991672688391,40,0.225,90,0,1,-2305.9451281330307,-2239.8301037520264,-66.11502438100433
92,00:07:40,314.15,304.9,9.25,0.4132991672688391,40,0.23125,90,0,1,-2307.7816565880585,-2239.8301037520264,-67.95155283603208
93,00:07:45,314.15,305.15,9.0,0.4132991672688391,40,0.225,90,0,1,-2307.7816565880585,-2241.666632207054,-66.11502438100433
94,00:07:50,314.15,305.15,9.0,0.4132991672688391,40,0.225,90,0,1,-2307.7816565880585,-2241.666632207054,-66.11502438100433
95,00:07:55,314.4,305.4,9.0,0.4132991672688391,40,0.225,90,0,1,-2309.618185043086,-2243.503160662082,-66.11502438100433
96,00:08:00,314.65,305.4,9.25,0.4132991672688391,40,0.23125,90,0,1,-2311.454713498114,-2243.503160662082,-67.95155283603208
97,00:08:05,314.65,305.4,9.25,0.4132991672688391,40,0.23125,90,0,1,-2311.454713498114,-2243.503160662082,-67.95155283603208
98,00:08:10,314.9,305.4,9.5,0.4132991672688391,40,0.2375,90,0,1,-2313.291241953142,-2243.503160662082,-69.78808129106028
99,00:08:15,314.9,305.65,9.25,0.4132991672688391,40,0.23125,90,0,1,-2313.291241953142,-2245.3396891171096,-67.95155283603253
100,00:08:20,315.15,305.4,9.75,0.4132991672688391,40,0.24375,90,0,1,-2315.12777040817,-2243.503160662082,-71.62460974608803
101,00:08:25,315.15,305.65,9.5,0.4132991672688391,40,0.2375,90,0,1,-2315.12777040817,-2245.3396891171096,-69.78808129106028
102,00:08:30,315.65,305.65,10.0,0.4132991672688391,40,0.25,90,0,1,-2318.800827318226,-2245.3396891171096,-73.46113820111623
103,00:08:35,315.65,305.65,10.0,0.4132991672688391,40,0.25,90,0,1,-2318.800827318226,-2245.3396891171096,-73.46113820111623
104,00:08:40,315.65,305.65,10.0,0.4132991672688391,40,0.25,90,0,1,-2318.800827318226,-2245.3396891171096,-73.46113820111623
105,00:08:45,315.9,305.65,10.25,0.4132991672688391,40,0.25625,90,0,1,-2320.6373557732536,-2245.3396891171096,-75.29766665614397
106,00:08:50,316.15,305.65,10.5,0.4132991672688391,40,0.2625,90,0,1,-2322.4738842282813,-2245.3396891171096,-77.13419511117172
107,00:08:55,316.4,305.9,10.5,0.4132991672688391,40,0.2625,90,0,1,-2324.3104126833096,-2247.176217572138,-77.13419511117172
108,00:09:00,316.4,305.65,10.75,0.4132991672688391,40,0.26875,90,0,1,-2324.3104126833096,-2245.3396891171096,-78.97072356619992
109,00:09:05,316.4,305.9,10.5,0.4132991672688391,40,0.2625,90,0,1,-2324.3104126833096,-2247.176217572138,-77.13419511117172
110,00:09:10,316.65,305.9,10.75,0.4132991672688391,40,0.26875,90,0,1,-2326.1469411383373,-2247.176217572138,-78.97072356619947
111,00:09:15,316.65,306.15,10.5,0.4132991672688391,40,0.2625,90,0,1,-2326.1469411383373,-2249.0127460271656,-77.13419511117172
112,00:09:20,316.9,306.4,10.5,0.4132991672688391,40,0.2625,90,0,1,-2327.9834695933655,-2250.849274482194,-77.13419511117172
113,00:09:25,316.9,306.4,10.5,0.4132991672688391,40,0.2625,90,0,1,-2327.9834695933655,-2250.849274482194,-77.13419511117172
114,00:09:30,316.9,306.4,10.5,0.4132991672688391,40,0.2625,90,0,1,-2327.9834695933655,-2250.849274482194,-77.13419511117172
115,00:09:35,317.15,306.4,10.75,0.4132991672688391,40,0.26875,90,0,1,-2329.819998048393,-2250.849274482194,-78.97072356619901
116,00:09:40,317.15,306.4,10.75,0.4132991672688391,40,0.26875,90,0,1,-2329.819998048393,-2250.849274482194,-78.97072356619901
117,00:09:45,317.4,306.4,11.0,0.4132991672688391,40,0.275,90,0,1,-2331.656526503421,-2250.849274482194,-80.80725202122721
118,00:09:50,317.65,306.4,11.25,0.44662974527439064,40,0.28125,90,0,1,-2128.666248672763,-2053.276683750463,-75.3895649223
119,00:09:55,317.65,306.4,11.25,0.44662974527439064,40,0.28125,90,0,1,-2128.666248672763,-2053.276683750463,-75.3895649223
120,00:10:00,317.65,306.4,11.25,0.44662974527439064,40,0.28125,90,0,1,-2128.666248672763,-2053.276683750463,-75.3895649223
121,00:10:05,317.65,306.4,11.25,0.44662974527439064,40,0.28125,90,0,1,-2128.666248672763,-2053.276683750463,-75.3895649223
122,00:10:10,318.15,306.65,11.5,0.44662974527439064,40,0.2875,90,0,1,-2132.0168960026426,-2054.952007415403,-77.0648885872397
123,00:10:15,318.15,306.65,11.5,0.44662974527439064,40,0.2875,90,0,1,-2132.0168960026426,-2054.952007415403,-77.0648885872397
124,00:10:20,318.15,306.65,11.5,0.44662974527439064,40,0.2875,90,0,1,-2132.0168960026426,-2054.952007415403,-77.0648885872397
125,00:10:25,318.15,306.65,11.5,0.44662974527439064,40,0.2875,90,0,1,-2132.0168960026426,-2054.952007415403,-77.0648885872397
126,00:10:30,318.65,306.9,11.75,0.44662974527439064,40,0.29375,90,0,1,-2135.3675433325225,-2056.6273310803426,-78.74021225217984
127,00:10:35,318.65,307.15,11.5,0.44662974527439064,40,0.2875,90,0,1,-2135.3675433325225,-2058.302654745283,-77.0648885872397
128,00:10:40,318.9,307.15,11.75,0.44662974527439064,40,0.29375,90,0,1,-2137.0428669974626,-2058.302654745283,-78.74021225217984
129,00:10:45,319.15,307.15,12.0,0.44662974527439064,40,0.3,90,0,1,-2138.718190662403,-2058.302654745283,-80.41553591712
130,00:10:50,319.15,307.15,12.0,0.44662974527439064,40,0.3,90,0,1,-2138.718190662403,-2058.302654745283,-80.41553591712
131,00:10:55,319.15,307.15,12.0,0.44662974527439064,40,0.3,90,0,1,-2138.718190662403,-2058.302654745283,-80.41553591712
132,00:11:00,319.15,307.4,11.75,0.44662974527439064,40,0.29375,90,0,1,-2138.718190662403,-2059.977978410223,-78.74021225217984
133,00:11:05,319.4,307.4,12.0,0.44662974527439064,40,0.3,90,0,1,-2140.393514327343,-2059.977978410223,-80.41553591712
134,00:11:10,319.4,307.4,12.0,0.44662974527439064,40,0.3,90,0,1,-2140.393514327343,-2059.977978410223,-80.41553591712
135,00:11:15,319.4,307.4,12.0,0.44662974527439064,40,0.3,90,0,1,-2140.393514327343,-2059.977978410223,-80.41553591712
136,00:11:20,319.65,307.4,12.25,0.44662974527439064,40,0.30625,90,0,1,-2142.0688379922826,-2059.977978410223,-82.0908595820597
137,00:11:25,319.65,307.65,12.0,0.44662974527439064,40,0.3,90,0,1,-2142.0688379922826,-2061.6533020751626,-80.41553591712
138,00:11:30,319.65,307.65,12.0,0.44662974527439064,40,0.3,90,0,1,-2142.0688379922826,-2061.6533020751626,-80.41553591712
139,00:11:35,319.9,307.65,12.25,0.44662974527439064,40,0.30625,90,0,1,-2143.744161657223,-2061.6533020751626,-82.09085958206015
140,00:11:40,319.9,307.65,12.25,0.44662974527439064,40,0.30625,90,0,1,-2143.744161657223,-2061.6533020751626,-82.09085958206015
141,00:11:45,319.9,307.9,12.0,0.44662974527439064,40,0.3,90,0,1,-2143.744161657223,-2063.328625740103,-80.41553591712
142,00:11:50,320.15,307.9,12.25,0.44662974527439064,40,0.30625,90,0,1,-2145.4194853221625,-2063.328625740103,-82.0908595820597
143,00:11:55,320.15,307.9,12.25,0.44662974527439064,40,0.30625,90,0,1,-2145.4194853221625,-2063.328625740103,-82.0908595820597
144,00:12:00,320.15,307.9,12.25,0.44662974527439064,40,0.30625,90,0,1,-2145.4194853221625,-2063.328625740103,-82.0908595820597
145,00:12:05,320.4,307.9,12.5,0.44662974527439064,40,0.3125,90,0,1,-2147.0948089871026,-2063.328625740103,-83.76618324699984
146,00:12:10,320.65,308.15,12.5,0.44662974527439064,40,0.3125,90,0,1,-2148.770132652043,-2065.003949405043,-83.76618324699984
147,00:12:15,320.65,308.15,12.5,0.44662974527439064,40,0.3125,90,0,1,-2148.770132652043,-2065.003949405043,-83.76618324699984
148,00:12:20,320.65,308.15,12.5,0.44662974527439064,40,0.3125,90,0,1,-2148.770132652043,-2065.003949405043,-83.76618324699984
149,00:12:25,320.9,308.15,12.75,0.44662974527439064,40,0.31875,90,0,1,-2150.445456316983,-2065.003949405043,-85.44150691194
150,00:12:30,320.9,308.15,12.75,0.44662974527439064,40,0.31875,90,0,1,-2150.445456316983,-2065.003949405043,-85.44150691194
151,00:12:35,320.9,308.15,12.75,0.44662974527439064,40,0.31875,90,0,1,-2150.445456316983,-2065.003949405043,-85.44150691194
152,00:12:40,320.9,308.15,12.75,0.44662974527439064,40,0.31875,90,0,1,-2150.445456316983,-2065.003949405043,-85.44150691194
153,00:12:45,321.15,308.15,13.0,0.44662974527439064,40,0.325,90,0,1,-2152.1207799819226,-2065.003949405043,-87.11683057687969
154,00:12:50,321.65,308.15,13.5,0.44662974527439064,40,0.3375,90,0,1,-2155.4714273118025,-2065.003949405043,-90.46747790675954
155,00:12:55,321.4,308.15,13.25,0.44662974527439064,40,0.33125,90,0,1,-2153.796103646863,-2065.003949405043,-88.79215424181984
156,00:13:00,321.65,308.4,13.25,0.44662974527439064,40,0.33125,90,0,1,-2155.4714273118025,-2066.6792730699826,-88.79215424181984
157,00:13:05,321.65,308.65,13.0,0.44662974527439064,40,0.325,90,0,1,-2155.4714273118025,-2068.354596734923,-87.11683057687969
158,00:13:10,321.65,308.65,13.0,0.44662974527439064,40,0.325,90,0,1,-2155.4714273118025,-2068.354596734923,-87.11683057687969
159,00:13:15,321.65,308.65,13.0,0.44662974527439064,40,0.325,90,0,1,-2155.4714273118025,-2068.354596734923,-87.11683057687969
160,00:13:20,321.65,308.65,13.0,0.44662974527439064,40,0.325,90,0,1,-2155.4714273118025,-2068.354596734923,-87.11683057687969
161,00:13:25,321.65,308.65,13.0,0.44662974527439064,40,0.325,90,0,1,-2155.4714273118025,-2068.354596734923,-87.11683057687969
162,00:13:30,321.65,308.65,13.0,0.44662974527439064,40,0.325,90,0,1,-2155.4714273118025,-2068.354596734923,-87.11683057687969
163,00:13:35,322.15,308.65,13.5,0.44662974527439064,40,0.3375,90,0,1,-2158.822074641683,-2068.354596734923,-90.46747790676
164,00:13:40,322.4,308.9,13.5,0.44662974527439064,40,0.3375,90,0,1,-2160.497398306623,-2070.029920399863,-90.46747790676
165,00:13:45,322.4,308.9,13.5,0.44662974527439064,40,0.3375,90,0,1,-2160.497398306623,-2070.029920399863,-90.46747790676
166,00:13:50,322.65,308.9,13.75,0.44662974527439064,40,0.34375,90,0,1,-2162.1727219715626,-2070.029920399863,-92.14280157169969
167,00:13:55,322.65,308.9,13.75,0.44662974527439064,40,0.34375,90,0,1,-2162.1727219715626,-2070.029920399863,-92.14280157169969
168,00:14:00,322.65,308.9,13.75,0.44662974527439064,40,0.34375,90,0,1,-2162.1727219715626,-2070.029920399863,-92.14280157169969
169,00:14:05,322.65,308.9,13.75,0.44662974527439064,40,0.34375,90,0,1,-2162.1727219715626,-2070.029920399863,-92.14280157169969
170,00:14:10,322.65,308.9,13.75,0.44662974527439064,40,0.34375,90,0,1,-2162.1727219715626,-2070.029920399863,-92.14280157169969
171,00:14:15,322.65,308.9,13.75,0.44662974527439064,40,0.34375,90,0,1,-2162.1727219715626,-2070.029920399863,-92.14280157169969
172,00:14:20,322.9,308.9,14.0,0.44662974527439064,40,0.35,90,0,1,-2163.848045636503,-2070.029920399863,-93.81812523663984
173,00:14:25,323.15,308.9,14.25,0.44662974527439064,40,0.35625,90,0,1,-2165.5233693014425,-2070.029920399863,-95.49344890157954
174,00:14:30,323.4,309.15,14.25,0.44662974527439064,40,0.35625,90,0,1,-2167.1986929663826,-2071.7052440648026,-95.49344890158
175,00:14:35,323.4,309.15,14.25,0.44662974527439064,40,0.35625,90,0,1,-2167.1986929663826,-2071.7052440648026,-95.49344890158
176,00:14:40,323.65,309.4,14.25,0.44662974527439064,40,0.35625,90,0,1,-2168.874016631323,-2073.380567729743,-95.49344890158
177,00:14:45,323.65,309.15,14.5,0.44662974527439064,40,0.3625,90,0,1,-2168.874016631323,-2071.7052440648026,-97.16877256652015
178,00:14:50,323.65,309.15,14.5,0.4799603232799422,40,0.3625,90,0,1,-1975.2058453317923,-1886.7136940655757,-88.49215126621652
179,00:14:55,323.65,309.4,14.25,0.4799603232799422,40,0.35625,90,0,1,-1975.2058453317923,-1888.2394208115452,-86.96642452024707
180,00:15:00,323.65,309.4,14.25,0.4799603232799422,40,0.35625,90,0,1,-1975.2058453317923,-1888.2394208115452,-86.96642452024707
181,00:15:05,323.65,309.4,14.25,0.4799603232799422,40,0.35625,90,0,1,-1975.2058453317923,-1888.2394208115452,-86.96642452024707
182,00:15:10,323.9,309.15,14.75,0.4799603232799422,40,0.36875,90,0,1,-1976.7315720777617,-1886.7136940655757,-90.01787801218597
183,00:15:15,323.65,308.9,14.75,0.4799603232799422,40,0.36875,90,0,1,-1975.2058453317923,-1885.1879673196065,-90.01787801218575
184,00:15:20,323.9,309.4,14.5,0.4799603232799422,40,0.3625,90,0,1,-1976.7315720777617,-1888.2394208115452,-88.49215126621652
185,00:15:25,324.15,309.4,14.75,0.4799603232799422,40,0.36875,90,0,1,-1978.257298823731,-1888.2394208115452,-90.01787801218575
186,00:15:30,324.15,309.4,14.75,0.4799603232799422,40,0.36875,90,0,1,-1978.257298823731,-1888.2394208115452,-90.01787801218575
187,00:15:35,324.4,309.4,15.0,0.4799603232799422,40,0.375,90,0,1,-1979.7830255697002,-1888.2394208115452,-91.54360475815497
188,00:15:40,324.4,309.65,14.75,0.4799603232799422,40,0.36875,90,0,1,-1979.7830255697002,-1889.7651475575144,-90.01787801218575
189,00:15:45,324.4,309.65,14.75,0.4799603232799422,40,0.36875,90,0,1,-1979.7830255697002,-1889.7651475575144,-90.01787801218575
190,00:15:50,324.4,309.9,14.5,0.4799603232799422,40,0.3625,90,0,1,-1979.7830255697002,-1891.2908743034834,-88.49215126621675
191,00:15:55,324.9,309.9,15.0,0.4799603232799422,40,0.375,90,0,1,-1982.8344790616386,-1891.2908743034834,-91.5436047581552
192,00:16:00,324.9,309.9,15.0,0.4799603232799422,40,0.375,90,0,1,-1982.8344790616386,-1891.2908743034834,-91.5436047581552
193,00:16:05,324.9,309.9,15.0,0.4799603232799422,40,0.375,90,0,1,-1982.8344790616386,-1891.2908743034834,-91.5436047581552
194,00:16:10,325.15,309.9,15.25,0.4799603232799422,40,0.38125,90,0,1,-1984.3602058076078,-1891.2908743034834,-93.06933150412442
195,00:16:15,325.15,309.9,15.25,0.4799603232799422,40,0.38125,90,0,1,-1984.3602058076078,-1891.2908743034834,-93.06933150412442
196,00:16:20,325.4,309.9,15.5,0.4799603232799422,40,0.3875,90,0,1,-1985.885932553577,-1891.2908743034834,-94.59505825009364
197,00:16:25,325.4,309.9,15.5,0.4799603232799422,40,0.3875,90,0,1,-1985.885932553577,-1891.2908743034834,-94.59505825009364
198,00:16:30,325.4,309.9,15.5,0.4799603232799422,40,0.3875,90,0,1,-1985.885932553577,-1891.2908743034834,-94.59505825009364
199,00:16:35,325.4,309.9,15.5,0.4799603232799422,40,0.3875,90,0,1,-1985.885932553577,-1891.2908743034834,-94.59505825009364
200,00:16:40,325.4,309.9,15.5,0.4799603232799422,40,0.3875,90,0,1,-1985.885932553577,-1891.2908743034834,-94.59505825009364
201,00:16:45,325.4,309.9,15.5,0.4799603232799422,40,0.3875,90,0,1,-1985.885932553577,-1891.2908743034834,-94.59505825009364
202,00:16:50,325.65,309.9,15.75,0.4799603232799422,40,0.39375,90,0,1,-1987.4116592995465,-1891.2908743034834,-96.1207849960631
203,00:16:55,326.4,309.9,16.5,0.4799603232799422,40,0.4125,90,0,1,-1991.988839537454,-1891.2908743034834,-100.69796523397054
204,00:17:00,326.4,309.9,16.5,0.4799603232799422,40,0.4125,90,0,1,-1991.988839537454,-1891.2908743034834,-100.69796523397054
205,00:17:05,326.4,309.9,16.5,0.4799603232799422,40,0.4125,90,0,1,-1991.988839537454,-1891.2908743034834,-100.69796523397054
206,00:17:10,326.4,309.9,16.5,0.4799603232799422,40,0.4125,90,0,1,-1991.988839537454,-1891.2908743034834,-100.69796523397054
207,00:17:15,326.4,309.9,16.5,0.4799603232799422,40,0.4125,90,0,1,-1991.988839537454,-1891.2908743034834,-100.69796523397054
208,00:17:20,326.4,309.9,16.5,0.4799603232799422,40,0.4125,90,0,1,-1991.988839537454,-1891.2908743034834,-100.69796523397054
209,00:17:25,326.4,309.9,16.5,0.4799603232799422,40,0.4125,90,0,1,-1991.988839537454,-1891.2908743034834,-100.69796523397054
210,00:17:30,326.9,310.15,16.75,0.4799603232799422,40,0.41875,90,0,1,-1995.0402930293926,-1892.8166010494526,-102.22369197993999
211,00:17:35,326.9,310.15,16.75,0.4799603232799422,40,0.41875,90,0,1,-1995.0402930293926,-1892.8166010494526,-102.22369197993999
212,00:17:40,326.9,310.4,16.5,0.4799603232799422,40,0.4125,90,0,1,-1995.0402930293926,-1894.342327795422,-100.69796523397054
213,00:17:45,326.9,310.4,16.5,0.4799603232799422,40,0.4125,90,0,1,-1995.0402930293926,-1894.342327795422,-100.69796523397054
214,00:17:50,326.9,310.65,16.25,0.4799603232799422,40,0.40625,90,0,1,-1995.0402930293926,-1895.8680545413913,-99.17223848800131
215,00:17:55,326.9,310.65,16.25,0.4799603232799422,40,0.40625,90,0,1,-1995.0402930293926,-1895.8680545413913,-99.17223848800131
216,00:18:00,327.15,310.65,16.5,0.4799603232799422,40,0.4125,90,0,1,-1996.5660197753618,-1895.8680545413913,-100.69796523397054
217,00:18:05,326.65,310.65,16.0,0.4799603232799422,40,0.4,90,0,1,-1993.5145662834234,-1895.8680545413913,-97.64651174203209
218,00:18:10,326.65,310.4,16.25,0.4799603232799422,40,0.40625,90,0,1,-1993.5145662834234,-1894.342327795422,-99.17223848800131
219,00:18:15,326.9,310.4,16.5,0.4799603232799422,40,0.4125,90,0,1,-1995.0402930293926,-1894.342327795422,-100.69796523397054
220,00:18:20,327.15,310.4,16.75,0.4799603232799422,40,0.41875,90,0,1,-1996.5660197753618,-1894.342327795422,-102.22369197993976
221,00:18:25,327.4,310.65,16.75,0.4799603232799422,40,0.41875,90,0,1,-1998.0917465213313,-1895.8680545413913,-102.22369197993999
222,00:18:30,326.9,311.15,15.75,0.4799603232799422,40,0.39375,90,0,1,-1995.0402930293926,-1898.91950803333,-96.12078499606264
223,00:18:35,327.15,311.15,16.0,0.4799603232799422,40,0.4,90,0,1,-1996.5660197753618,-1898.91950803333,-97.64651174203186
224,00:18:40,327.15,310.9,16.25,0.4799603232799422,40,0.40625,90,0,1,-1996.5660197753618,-1897.3937812873608,-99.17223848800108
225,00:18:45,327.15,310.9,16.25,0.4799603232799422,40,0.40625,90,0,1,-1996.5660197753618,-1897.3937812873608,-99.17223848800108
226,00:18:50,327.65,311.15,16.5,0.4799603232799422,40,0.4125,90,0,1,-1999.6174732673003,-1898.91950803333,-100.69796523397031
227,00:18:55,327.65,311.15,16.5,0.4799603232799422,40,0.4125,90,0,1,-1999.6174732673003,-1898.91950803333,-100.69796523397031
228,00:19:00,327.65,311.15,16.5,0.4799603232799422,40,0.4125,90,0,1,-1999.6174732673003,-1898.91950803333,-100.69796523397031
229,00:19:05,327.65,311.15,16.5,0.4799603232799422,40,0.4125,90,0,1,-1999.6174732673003,-1898.91950803333,-100.69796523397031
230,00:19:10,327.9,311.4,16.5,0.4799603232799422,40,0.4125,90,0,1,-2001.1432000132695,-1900.445234779299,-100.69796523397054
231,00:19:15,327.9,311.4,16.5,0.4799603232799422,40,0.4125,90,0,1,-2001.1432000132695,-1900.445234779299,-100.69796523397054
232,00:19:20,327.9,311.15,16.75,0.4799603232799422,40,0.41875,90,0,1,-2001.1432000132695,-1898.91950803333,-102.22369197993953
233,00:19:25,327.9,311.4,16.5,0.4799603232799422,40,0.4125,90,0,1,-2001.1432000132695,-1900.445234779299,-100.69796523397054
234,00:19:30,327.9,311.4,16.5,0.4799603232799422,40,0.4125,90,0,1,-2001.1432000132695,-1900.445234779299,-100.69796523397054
235,00:19:35,327.9,311.4,16.5,0.4799603232799422,40,0.4125,90,0,1,-2001.1432000132695,-1900.445234779299,-100.69796523397054
236,00:19:40,328.15,311.4,16.75,0.4799603232799422,40,0.41875,90,0,1,-2002.6689267592387,-1900.445234779299,-102.22369197993976
237,00:19:45,328.15,311.4,16.75,0.4799603232799422,40,0.41875,90,0,1,-2002.6689267592387,-1900.445234779299,-102.22369197993976
238,00:19:50,328.4,311.4,17.0,0.4799603232799422,40,0.425,90,0,1,-2004.1946535052082,-1900.445234779299,-103.74941872590921
239,00:19:55,328.65,311.4,17.25,0.4799603232799422,40,0.43125,90,0,1,-2005.7203802511774,-1900.445234779299,-105.27514547187843
240,00:20:00,328.65,311.4,17.25,0.4799603232799422,40,0.43125,90,0,1,-2005.7203802511774,-1900.445234779299,-105.27514547187843
241,00:20:05,328.65,311.4,17.25,0.4799603232799422,40,0.43125,90,0,1,-2005.7203802511774,-1900.445234779299,-105.27514547187843
242,00:20:10,328.9,311.4,17.5,0.4799603232799422,40,0.4375,90,0,1,-2007.2461069971469,-1900.445234779299,-106.80087221784788
243,00:20:15,328.9,311.4,17.5,0.4799603232799422,40,0.4375,90,0,1,-2007.2461069971469,-1900.445234779299,-106.80087221784788
244,00:20:20,328.9,311.9,17.0,0.4799603232799422,40,0.425,90,0,1,-2007.2461069971469,-1903.4966882712376,-103.74941872590921
245,00:20:25,328.9,311.9,17.0,0.4799603232799422,40,0.425,90,0,1,-2007.2461069971469,-1903.4966882712376,-103.74941872590921
246,00:20:30,328.9,311.4,17.5,0.4799603232799422,40,0.4375,90,0,1,-2007.2461069971469,-1900.445234779299,-106.80087221784788
247,00:20:35,328.9,311.4,17.5,0.4799603232799422,40,0.4375,90,0,1,-2007.2461069971469,-1900.445234779299,-106.80087221784788
248,00:20:40,328.9,311.4,17.5,0.4799603232799422,40,0.4375,90,0,1,-2007.2461069971469,-1900.445234779299,-106.80087221784788
249,00:20:45,328.9,311.4,17.5,0.4799603232799422,40,0.4375,90,0,1,-2007.2461069971469,-1900.445234779299,-106.80087221784788
250,00:20:50,328.9,311.65,17.25,0.4799603232799422,40,0.43125,90,0,1,-2007.2461069971469,-1901.9709615252682,-105.27514547187866
251,00:20:55,328.9,311.4,17.5,0.4799603232799422,40,0.4375,90,0,1,-2007.2461069971469,-1900.445234779299,-106.80087221784788
252,00:21:00,328.9,311.4,17.5,0.4799603232799422,40,0.4375,90,0,1,-2007.2461069971469,-1900.445234779299,-106.80087221784788
253,00:21:05,329.15,311.65,17.5,0.4799603232799422,40,0.4375,90,0,1,-2008.7718337431158,-1901.9709615252682,-106.80087221784765
254,00:21:10,329.15,311.4,17.75,0.4799603232799422,40,0.44375,90,0,1,-2008.7718337431158,-1900.445234779299,-108.32659896381688
255,00:21:15,329.15,311.9,17.25,0.4799603232799422,40,0.43125,90,0,1,-2008.7718337431158,-1903.4966882712376,-105.2751454718782
256,00:21:20,329.15,311.9,17.25,0.4799603232799422,40,0.43125,90,0,1,-2008.7718337431158,-1903.4966882712376,-105.2751454718782
257,00:21:25,329.9,311.9,18.0,0.4799603232799422,40,0.45,90,0,1,-2013.3490139810237,-1903.4966882712376,-109.8523257097861
258,00:21:30,329.9,311.9,18.0,0.4799603232799422,40,0.45,90,0,1,-2013.3490139810237,-1903.4966882712376,-109.8523257097861
259,00:21:35,329.9,311.9,18.0,0.4799603232799422,40,0.45,90,0,1,-2013.3490139810237,-1903.4966882712376,-109.8523257097861
260,00:21:40,329.9,311.9,18.0,0.4799603232799422,40,0.45,90,0,1,-2013.3490139810237,-1903.4966882712376,-109.8523257097861
261,00:21:45,329.9,311.9,18.0,0.4799603232799422,40,0.45,90,0,1,-2013.3490139810237,-1903.4966882712376,-109.8523257097861
262,00:21:50,329.9,311.9,18.0,0.4799603232799422,40,0.45,90,0,1,-2013.3490139810237,-1903.4966882712376,-109.8523257097861
263,00:21:55,329.9,311.9,18.0,0.4799603232799422,40,0.45,90,0,1,-2013.3490139810237,-1903.4966882712376,-109.8523257097861
264,00:22:00,330.15,311.9,18.25,0.4799603232799422,40,0.45625,90,0,1,-2014.874740726993,-1903.4966882712376,-111.37805245575532
265,00:22:05,329.9,311.9,18.0,0.4799603232799422,40,0.45,90,0,1,-2013.3490139810237,-1903.4966882712376,-109.8523257097861
266,00:22:10,330.15,311.9,18.25,0.4799603232799422,40,0.45625,90,0,1,-2014.874740726993,-1903.4966882712376,-111.37805245575532
267,00:22:15,329.9,311.9,18.0,0.4799603232799422,40,0.45,90,0,1,-2013.3490139810237,-1903.4966882712376,-109.8523257097861
268,00:22:20,330.15,311.9,18.25,0.4799603232799422,40,0.45625,90,0,1,-2014.874740726993,-1903.4966882712376,-111.37805245575532
269,00:22:25,330.15,311.9,18.25,0.4799603232799422,40,0.45625,90,0,1,-2014.874740726993,-1903.4966882712376,-111.37805245575532
270,00:22:30,330.4,311.9,18.5,0.4799603232799422,40,0.4625,90,0,1,-2016.4004674729622,-1903.4966882712376,-112.90377920172455
271,00:22:35,330.9,311.9,19.0,0.4799603232799422,40,0.475,90,0,1,-2019.4519209649006,-1903.4966882712376,-115.95523269366299
272,00:22:40,330.9,311.9,19.0,0.4799603232799422,40,0.475,90,0,1,-2019.4519209649006,-1903.4966882712376,-115.95523269366299
273,00:22:45,330.9,311.9,19.0,0.4799603232799422,40,0.475,90,0,1,-2019.4519209649006,-1903.4966882712376,-115.95523269366299
274,00:22:50,330.9,312.15,18.75,0.4799603232799422,40,0.46875,90,0,1,-2019.4519209649006,-1905.0224150172069,-114.42950594769377
275,00:22:55,330.9,312.15,18.75,0.4799603232799422,40,0.46875,90,0,1,-2019.4519209649006,-1905.0224150172069,-114.42950594769377
276,00:23:00,330.9,312.15,18.75,0.4799603232799422,40,0.46875,90,0,1,-2019.4519209649006,-1905.0224150172069,-114.42950594769377
277,00:23:05,330.9,312.4,18.5,0.4799603232799422,40,0.4625,90,0,1,-2019.4519209649006,-1906.548141763176,-112.90377920172455
278,00:23:10,330.9,312.4,18.5,0.4799603232799422,40,0.4625,90,0,1,-2019.4519209649006,-1906.548141763176,-112.90377920172455
279,00:23:15,330.9,312.65,18.25,0.4799603232799422,40,0.45625,90,0,1,-2019.4519209649006,-1908.0738685091455,-111.3780524557551
280,00:23:20,330.9,312.65,18.25,0.4799603232799422,40,0.45625,90,0,1,-2019.4519209649006,-1908.0738685091455,-111.3780524557551
281,00:23:25,331.65,312.65,19.0,0.4799603232799422,40,0.475,90,0,1,-2024.0291012028085,-1908.0738685091455,-115.95523269366299
282,00:23:30,331.65,312.65,19.0,0.4799603232799422,40,0.475,90,0,1,-2024.0291012028085,-1908.0738685091455,-115.95523269366299
283,00:23:35,331.4,312.65,18.75,0.4799603232799422,40,0.46875,90,0,1,-2022.503374456839,-1908.0738685091455,-114.42950594769354
284,00:23:40,331.15,312.65,18.5,0.4799603232799422,40,0.4625,90,0,1,-2020.9776477108699,-1908.0738685091455,-112.90377920172432
285,00:23:45,331.4,312.65,18.75,0.4799603232799422,40,0.46875,90,0,1,-2022.503374456839,-1908.0738685091455,-114.42950594769354
286,00:23:50,331.4,313.15,18.25,0.4799603232799422,40,0.45625,90,0,1,-2022.503374456839,-1911.1253220010838,-111.37805245575532
287,00:23:55,331.15,313.15,18.0,0.4799603232799422,40,0.45,90,0,1,-2020.9776477108699,-1911.1253220010838,-109.8523257097861
288,00:24:00,331.15,312.9,18.25,0.4799603232799422,40,0.45625,90,0,1,-2020.9776477108699,-1909.5995952551145,-111.37805245575532
289,00:24:05,331.4,313.15,18.25,0.4799603232799422,40,0.45625,90,0,1,-2022.503374456839,-1911.1253220010838,-111.37805245575532
290,00:24:10,331.65,312.9,18.75,0.4799603232799422,40,0.46875,90,0,1,-2024.0291012028085,-1909.5995952551145,-114.429505947694
291,00:24:15,331.9,312.9,19.0,0.4799603232799422,40,0.475,90,0,1,-2025.5548279487778,-1909.5995952551145,-115.95523269366322
292,00:24:20,331.9,313.15,18.75,0.4799603232799422,40,0.46875,90,0,1,-2025.5548279487778,-1911.1253220010838,-114.429505947694
293,00:24:25,331.9,313.15,18.75,0.4799603232799422,40,0.46875,90,0,1,-2025.5548279487778,-1911.1253220010838,-114.429505947694
294,00:24:30,331.65,313.15,18.5,0.4799603232799422,40,0.4625,90,0,1,-2024.0291012028085,-1911.1253220010838,-112.90377920172477
295,00:24:35,331.9,313.15,18.75,0.4799603232799422,40,0.46875,90,0,1,-2025.5548279487778,-1911.1253220010838,-114.429505947694
296,00:24:40,331.9,313.15,18.75,0.4799603232799422,40,0.46875,90,0,1,-2025.5548279487778,-1911.1253220010838,-114.429505947694
297,00:24:45,331.9,313.15,18.75,0.4799603232799422,40,0.46875,90,0,1,-2025.5548279487778,-1911.1253220010838,-114.429505947694
298,00:24:50,331.9,313.15,18.75,0.4799603232799422,40,0.46875,90,0,1,-2025.5548279487778,-1911.1253220010838,-114.429505947694
299,00:24:55,331.9,313.15,18.75,0.4799603232799422,40,0.46875,90,0,1,-2025.5548279487778,-1911.1253220010838,-114.429505947694
300,00:25:00,331.9,313.15,18.75,0.5132909012854937,40,0.46875,90,0,1,-1840.2895211861987,-1736.3261933096055,-103.96332787659321
301,00:25:05,331.9,313.15,18.75,0.5132909012854937,40,0.46875,90,0,1,-1840.2895211861987,-1736.3261933096055,-103.96332787659321
302,00:25:10,331.9,313.15,18.75,0.5132909012854937,40,0.46875,90,0,1,-1840.2895211861987,-1736.3261933096055,-103.96332787659321
303,00:25:15,331.9,313.4,18.5,0.5132909012854937,40,0.4625,90,0,1,-1840.2895211861987,-1737.7123710146268,-102.57715017157193
304,00:25:20,331.9,313.4,18.5,0.5132909012854937,40,0.4625,90,0,1,-1840.2895211861987,-1737.7123710146268,-102.57715017157193
305,00:25:25,331.9,313.4,18.5,0.5132909012854937,40,0.4625,90,0,1,-1840.2895211861987,-1737.7123710146268,-102.57715017157193
306,00:25:30,331.9,313.4,18.5,0.5132909012854937,40,0.4625,90,0,1,-1840.2895211861987,-1737.7123710146268,-102.57715017157193
307,00:25:35,332.15,313.4,18.75,0.5132909012854937,40,0.46875,90,0,1,-1841.6756988912196,-1737.7123710146268,-103.96332787659276
308,00:25:40,332.15,313.15,19.0,0.5132909012854937,40,0.475,90,0,1,-1841.6756988912196,-1736.3261933096055,-105.34950558161404
309,00:25:45,332.4,313.15,19.25,0.5132909012854937,40,0.48125,90,0,1,-1843.0618765962408,-1736.3261933096055,-106.73568328663532
310,00:25:50,332.4,313.4,19.0,0.5132909012854937,40,0.475,90,0,1,-1843.0618765962408,-1737.7123710146268,-105.34950558161404
311,00:25:55,332.4,313.4,19.0,0.5132909012854937,40,0.475,90,0,1,-1843.0618765962408,-1737.7123710146268,-105.34950558161404
312,00:26:00,332.4,313.4,19.0,0.5132909012854937,40,0.475,90,0,1,-1843.0618765962408,-1737.7123710146268,-105.34950558161404
313,00:26:05,332.4,313.4,19.0,0.5132909012854937,40,0.475,90,0,1,-1843.0618765962408,-1737.7123710146268,-105.34950558161404
314,00:26:10,332.65,313.4,19.25,0.5132909012854937,40,0.48125,90,0,1,-1844.4480543012621,-1737.7123710146268,-106.73568328663532
315,00:26:15,332.65,313.65,19.0,0.5132909012854937,40,0.475,90,0,1,-1844.4480543012621,-1739.098548719648,-105.34950558161404
316,00:26:20,332.9,313.4,19.5,0.5132909012854937,40,0.4875,90,0,1,-1845.8342320062834,-1737.7123710146268,-108.1218609916566
317,00:26:25,332.9,313.65,19.25,0.5132909012854937,40,0.48125,90,0,1,-1845.8342320062834,-1739.098548719648,-106.73568328663532
318,00:26:30,332.9,313.65,19.25,0.5132909012854937,40,0.48125,90,0,1,-1845.8342320062834,-1739.098548719648,-106.73568328663532
319,00:26:35,332.9,313.65,19.25,0.5132909012854937,40,0.48125,90,0,1,-1845.8342320062834,-1739.098548719648,-106.73568328663532
320,00:26:40,333.15,313.65,19.5,0.5132909012854937,40,0.4875,90,0,1,-1847.220409711305,-1739.098548719648,-108.12186099165683
321,00:26:45,333.4,313.65,19.75,0.5132909012854937,40,0.49375,90,0,1,-1848.6065874163262,-1739.098548719648,-109.50803869667811
322,00:26:50,333.4,313.65,19.75,0.5132909012854937,40,0.49375,90,0,1,-1848.6065874163262,-1739.098548719648,-109.50803869667811
323,00:26:55,333.4,313.65,19.75,0.5132909012854937,40,0.49375,90,0,1,-1848.6065874163262,-1739.098548719648,-109.50803869667811
324,00:27:00,333.15,313.65,19.5,0.5132909012854937,40,0.4875,90,0,1,-1847.220409711305,-1739.098548719648,-108.12186099165683
325,00:27:05,333.15,313.65,19.5,0.5132909012854937,40,0.4875,90,0,1,-1847.220409711305,-1739.098548719648,-108.12186099165683
326,00:27:10,333.15,313.65,19.5,0.5132909012854937,40,0.4875,90,0,1,-1847.220409711305,-1739.098548719648,-108.12186099165683
327,00:27:15,333.15,313.9,19.25,0.5132909012854937,40,0.48125,90,0,1,-1847.220409711305,-1740.4847264246694,-106.73568328663555
328,00:27:20,333.4,313.65,19.75,0.5132909012854937,40,0.49375,90,0,1,-1848.6065874163262,-1739.098548719648,-109.50803869667811
329,00:27:25,333.4,313.65,19.75,0.5132909012854937,40,0.49375,90,0,1,-1848.6065874163262,-1739.098548719648,-109.50803869667811
330,00:27:30,333.15,313.65,19.5,0.5132909012854937,40,0.4875,90,0,1,-1847.220409711305,-1739.098548719648,-108.12186099165683
331,00:27:35,333.65,313.65,20.0,0.5132909012854937,40,0.5,90,0,1,-1849.992765121347,-1739.098548719648,-110.89421640169894
332,00:27:40,333.65,313.65,20.0,0.5132909012854937,40,0.5,90,0,1,-1849.992765121347,-1739.098548719648,-110.89421640169894
333,00:27:45,333.65,313.9,19.75,0.5132909012854937,40,0.49375,90,0,1,-1849.992765121347,-1740.4847264246694,-109.50803869667766
334,00:27:50,333.4,313.65,19.75,0.5132909012854937,40,0.49375,90,0,1,-1848.6065874163262,-1739.098548719648,-109.50803869667811
335,00:27:55,333.15,313.65,19.5,0.5132909012854937,40,0.4875,90,0,1,-1847.220409711305,-1739.098548719648,-108.12186099165683
336,00:28:00,333.15,313.9,19.25,0.5132909012854937,40,0.48125,90,0,1,-1847.220409711305,-1740.4847264246694,-106.73568328663555
337,00:28:05,333.15,313.9,19.25,0.5132909012854937,40,0.48125,90,0,1,-1847.220409711305,-1740.4847264246694,-106.73568328663555
338,00:28:10,333.4,313.65,19.75,0.5132909012854937,40,0.49375,90,0,1,-1848.6065874163262,-1739.098548719648,-109.50803869667811
339,00:28:15,333.15,313.9,19.25,0.5132909012854937,40,0.48125,90,0,1,-1847.220409711305,-1740.4847264246694,-106.73568328663555
340,00:28:20,333.4,313.9,19.5,0.5132909012854937,40,0.4875,90,0,1,-1848.6065874163262,-1740.4847264246694,-108.12186099165683
341,00:28:25,333.15,313.9,19.25,0.5132909012854937,40,0.48125,90,0,1,-1847.220409711305,-1740.4847264246694,-106.73568328663555
342,00:28:30,333.4,313.9,19.5,0.5132909012854937,40,0.4875,90,0,1,-1848.6065874163262,-1740.4847264246694,-108.12186099165683
343,00:28:35,333.65,313.9,19.75,0.5132909012854937,40,0.49375,90,0,1,-1849.992765121347,-1740.4847264246694,-109.50803869667766
344,00:28:40,334.15,313.9,20.25,0.5132909012854937,40,0.50625,90,0,1,-1852.7651205313896,-1740.4847264246694,-112.28039410672022
345,00:28:45,333.9,313.9,20.0,0.5132909012854937,40,0.5,90,0,1,-1851.3789428263683,-1740.4847264246694,-110.89421640169894
346,00:28:50,334.15,313.9,20.25,0.5132909012854937,40,0.50625,90,0,1,-1852.7651205313896,-1740.4847264246694,-112.28039410672022
347,00:28:55,334.15,313.9,20.25,0.5132909012854937,40,0.50625,90,0,1,-1852.7651205313896,-1740.4847264246694,-112.28039410672022
348,00:29:00,334.15,313.9,20.25,0.5132909012854937,40,0.50625,90,0,1,-1852.7651205313896,-1740.4847264246694,-112.28039410672022
349,00:29:05,334.15,313.9,20.25,0.5132909012854937,40,0.50625,90,0,1,-1852.7651205313896,-1740.4847264246694,-112.28039410672022
350,00:29:10,334.15,313.9,20.25,0.5132909012854937,40,0.50625,90,0,1,-1852.7651205313896,-1740.4847264246694,-112.28039410672022
351,00:29:15,334.4,313.9,20.5,0.5132909012854937,40,0.5125,90,0,1,-1854.1512982364109,-1740.4847264246694,-113.6665718117415
352,00:29:20,334.4,313.9,20.5,0.5132909012854937,40,0.5125,90,0,1,-1854.1512982364109,-1740.4847264246694,-113.6665718117415
353,00:29:25,334.4,313.9,20.5,0.5132909012854937,40,0.5125,90,0,1,-1854.1512982364109,-1740.4847264246694,-113.6665718117415
354,00:29:30,334.4,313.9,20.5,0.5132909012854937,40,0.5125,90,0,1,-1854.1512982364109,-1740.4847264246694,-113.6665718117415
355,00:29:35,334.4,313.9,20.5,0.5132909012854937,40,0.5125,90,0,1,-1854.1512982364109,-1740.4847264246694,-113.6665718117415
356,00:29:40,334.4,313.9,20.5,0.5132909012854937,40,0.5125,90,0,1,-1854.1512982364109,-1740.4847264246694,-113.6665718117415
357,00:29:45,334.4,313.9,20.5,0.5132909012854937,40,0.5125,90,0,1,-1854.1512982364109,-1740.4847264246694,-113.6665718117415
358,00:29:50,334.4,313.9,20.5,0.5132909012854937,40,0.5125,90,0,1,-1854.1512982364109,-1740.4847264246694,-113.6665718117415
359,00:29:55,334.4,314.4,20.0,0.5132909012854937,40,0.5,90,0,1,-1854.1512982364109,-1743.2570818347117,-110.89421640169917
360,00:30:00,334.65,314.65,20.0,0.5132909012854937,40,0.5,90,0,1,-1855.5374759414321,-1744.643259539733,-110.89421640169917
361,00:30:05,334.65,314.65,20.0,0.5132909012854937,40,0.5,90,0,1,-1855.5374759414321,-1744.643259539733,-110.89421640169917
362,00:30:10,334.65,314.65,20.0,0.5132909012854937,40,0.5,90,0,1,-1855.5374759414321,-1744.643259539733,-110.89421640169917
363,00:30:15,334.9,314.4,20.5,0.5132909012854937,40,0.5125,90,0,1,-1856.9236536464534,-1743.2570818347117,-113.66657181174173
364,00:30:20,334.9,314.15,20.75,0.5132909012854937,40,0.51875,90,0,1,-1856.9236536464534,-1741.8709041296906,-115.05274951676279
365,00:30:25,335.15,314.4,20.75,0.5132909012854937,40,0.51875,90,0,1,-1858.3098313514745,-1743.2570818347117,-115.05274951676279
366,00:30:30,335.15,314.15,21.0,0.5132909012854937,40,0.525,90,0,1,-1858.3098313514745,-1741.8709041296906,-116.43892722178384
367,00:30:35,334.65,314.15,20.5,0.5132909012854937,40,0.5125,90,0,1,-1855.5374759414321,-1741.8709041296906,-113.6665718117415
368,00:30:40,334.9,314.4,20.5,0.5132909012854937,40,0.5125,90,0,1,-1856.9236536464534,-1743.2570818347117,-113.66657181174173
369,00:30:45,334.9,314.15,20.75,0.5132909012854937,40,0.51875,90,0,1,-1856.9236536464534,-1741.8709041296906,-115.05274951676279
370,00:30:50,334.9,314.4,20.5,0.5132909012854937,40,0.5125,90,0,1,-1856.9236536464534,-1743.2570818347117,-113.66657181174173
371,00:30:55,334.9,314.65,20.25,0.5132909012854937,40,0.50625,90,0,1,-1856.9236536464534,-1744.643259539733,-112.28039410672045
372,00:31:00,334.9,314.65,20.25,0.5132909012854937,40,0.50625,90,0,1,-1856.9236536464534,-1744.643259539733,-112.28039410672045
373,00:31:05,334.9,314.4,20.5,0.5132909012854937,40,0.5125,90,0,1,-1856.9236536464534,-1743.2570818347117,-113.66657181174173
374,00:31:10,334.9,314.4,20.5,0.5132909012854937,40,0.5125,90,0,1,-1856.9236536464534,-1743.2570818347117,-113.66657181174173
375,00:31:15,334.9,314.4,20.5,0.5132909012854937,40,0.5125,90,0,1,-1856.9236536464534,-1743.2570818347117,-113.66657181174173
376,00:31:20,334.65,314.4,20.25,0.5132909012854937,40,0.50625,90,0,1,-1855.5374759414321,-1743.2570818347117,-112.28039410672045
377,00:31:25,334.65,314.65,20.0,0.5132909012854937,40,0.5,90,0,1,-1855.5374759414321,-1744.643259539733,-110.89421640169917
378,00:31:30,334.9,314.65,20.25,0.5132909012854937,40,0.50625,90,0,1,-1856.9236536464534,-1744.643259539733,-112.28039410672045
379,00:31:35,334.9,314.65,20.25,0.5132909012854937,40,0.50625,90,0,1,-1856.9236536464534,-1744.643259539733,-112.28039410672045
380,00:31:40,334.9,314.15,20.75,0.5132909012854937,40,0.51875,90,0,1,-1856.9236536464534,-1741.8709041296906,-115.05274951676279
381,00:31:45,334.65,314.4,20.25,0.5132909012854937,40,0.50625,90,0,1,-1855.5374759414321,-1743.2570818347117,-112.28039410672045
382,00:31:50,334.65,314.65,20.0,0.5132909012854937,40,0.5,90,0,1,-1855.5374759414321,-1744.643259539733,-110.89421640169917
383,00:31:55,334.65,314.4,20.25,0.5132909012854937,40,0.50625,90,0,1,-1855.5374759414321,-1743.2570818347117,-112.28039410672045
384,00:32:00,334.9,314.4,20.5,0.5132909012854937,40,0.5125,90,0,1,-1856.9236536464534,-1743.2570818347117,-113.66657181174173
385,00:32:05,334.9,314.4,20.5,0.5132909012854937,40,0.5125,90,0,1,-1856.9236536464534,-1743.2570818347117,-113.66657181174173
386,00:32:10,334.9,314.4,20.5,0.5132909012854937,40,0.5125,90,0,1,-1856.9236536464534,-1743.2570818347117,-113.66657181174173
387,00:32:15,334.9,314.65,20.25,0.5132909012854937,40,0.50625,90,0,1,-1856.9236536464534,-1744.643259539733,-112.28039410672045
388,00:32:20,335.15,314.65,20.5,0.5132909012854937,40,0.5125,90,0,1,-1858.3098313514745,-1744.643259539733,-113.6665718117415
389,00:32:25,335.4,314.4,21.0,0.5132909012854937,40,0.525,90,0,1,-1859.6960090564958,-1743.2570818347117,-116.43892722178407
390,00:32:30,335.4,314.4,21.0,0.5132909012854937,40,0.525,90,0,1,-1859.6960090564958,-1743.2570818347117,-116.43892722178407
391,00:32:35,335.15,314.4,20.75,0.5132909012854937,40,0.51875,90,0,1,-1858.3098313514745,-1743.2570818347117,-115.05274951676279
392,00:32:40,335.4,314.4,21.0,0.5132909012854937,40,0.525,90,0,1,-1859.6960090564958,-1743.2570818347117,-116.43892722178407
393,00:32:45,335.65,314.4,21.25,0.5466214792910453,40,0.53125,90,0,1,-1685.515236762352,-1578.8052746553954,-106.70996210695671
394,00:32:50,335.15,313.9,21.25,0.5466214792910453,40,0.53125,90,0,1,-1683.0044141245412,-1576.2944520175847,-106.70996210695648
395,00:32:55,335.15,313.9,21.25,0.5466214792910453,40,0.53125,90,0,1,-1683.0044141245412,-1576.2944520175847,-106.70996210695648
396,00:33:00,335.15,313.9,21.25,0.5466214792910453,40,0.53125,90,0,1,-1683.0044141245412,-1576.2944520175847,-106.70996210695648
397,00:33:05,335.15,313.9,21.25,0.5466214792910453,40,0.53125,90,0,1,-1683.0044141245412,-1576.2944520175847,-106.70996210695648
398,00:33:10,335.65,313.9,21.75,0.5466214792910453,40,0.54375,90,0,1,-1685.515236762352,-1576.2944520175847,-109.22078474476734
399,00:33:15,335.65,314.15,21.5,0.5466214792910453,40,0.5375,90,0,1,-1685.515236762352,-1577.54986333649,-107.96537342586203
400,00:33:20,335.65,314.15,21.5,0.5466214792910453,40,0.5375,90,0,1,-1685.515236762352,-1577.54986333649,-107.96537342586203
401,00:33:25,335.4,314.15,21.25,0.5466214792910453,40,0.53125,90,0,1,-1684.2598254434465,-1577.54986333649,-106.70996210695648
402,00:33:30,335.65,314.15,21.5,0.5466214792910453,40,0.5375,90,0,1,-1685.515236762352,-1577.54986333649,-107.96537342586203
403,00:33:35,335.9,314.65,21.25,0.5466214792910453,40,0.53125,90,0,1,-1686.7706480812574,-1580.0606859743007,-106.70996210695671
404,00:33:40,335.9,314.65,21.25,0.5466214792910453,40,0.53125,90,0,1,-1686.7706480812574,-1580.0606859743007,-106.70996210695671
405,00:33:45,335.9,314.65,21.25,0.5466214792910453,40,0.53125,90,0,1,-1686.7706480812574,-1580.0606859743007,-106.70996210695671
406,00:33:50,335.9,314.65,21.25,0.5466214792910453,40,0.53125,90,0,1,-1686.7706480812574,-1580.0606859743007,-106.70996210695671
407,00:33:55,335.9,314.65,21.25,0.5466214792910453,40,0.53125,90,0,1,-1686.7706480812574,-1580.0606859743007,-106.70996210695671
408,00:34:00,335.9,314.65,21.25,0.5466214792910453,40,0.53125,90,0,1,-1686.7706480812574,-1580.0606859743007,-106.70996210695671
409,00:34:05,336.15,314.65,21.5,0.5466214792910453,40,0.5375,90,0,1,-1688.0260594001627,-1580.0606859743007,-107.96537342586203
410,00:34:10,336.15,314.65,21.5,0.5466214792910453,40,0.5375,90,0,1,-1688.0260594001627,-1580.0606859743007,-107.96537342586203
411,00:34:15,336.15,314.65,21.5,0.5466214792910453,40,0.5375,90,0,1,-1688.0260594001627,-1580.0606859743007,-107.96537342586203
412,00:34:20,336.15,314.65,21.5,0.5466214792910453,40,0.5375,90,0,1,-1688.0260594001627,-1580.0606859743007,-107.96537342586203
413,00:34:25,336.15,314.65,21.5,0.5466214792910453,40,0.5375,90,0,1,-1688.0260594001627,-1580.0606859743007,-107.96537342586203
414,00:34:30,336.4,314.65,21.75,0.5466214792910453,40,0.54375,90,0,1,-1689.2814707190682,-1580.0606859743007,-109.22078474476757
415,00:34:35,336.4,314.65,21.75,0.5466214792910453,40,0.54375,90,0,1,-1689.2814707190682,-1580.0606859743007,-109.22078474476757
416,00:34:40,336.4,314.65,21.75,0.5466214792910453,40,0.54375,90,0,1,-1689.2814707190682,-1580.0606859743007,-109.22078474476757
417,00:34:45,336.4,314.65,21.75,0.5466214792910453,40,0.54375,90,0,1,-1689.2814707190682,-1580.0606859743007,-109.22078474476757
418,00:34:50,336.4,314.65,21.75,0.5466214792910453,40,0.54375,90,0,1,-1689.2814707190682,-1580.0606859743007,-109.22078474476757
419,00:34:55,336.65,314.65,22.0,0.5466214792910453,40,0.55,90,0,1,-1690.5368820379733,-1580.0606859743007,-110.47619606367266
420,00:35:00,336.65,314.65,22.0,0.5466214792910453,40,0.55,90,0,1,-1690.5368820379733,-1580.0606859743007,-110.47619606367266
421,00:35:05,336.65,314.65,22.0,0.5466214792910453,40,0.55,90,0,1,-1690.5368820379733,-1580.0606859743007,-110.47619606367266
422,00:35:10,336.4,314.65,21.75,0.5466214792910453,40,0.54375,90,0,1,-1689.2814707190682,-1580.0606859743007,-109.22078474476757
423,00:35:15,336.4,314.4,22.0,0.5466214792910453,40,0.55,90,0,1,-1689.2814707190682,-1578.8052746553954,-110.47619606367289
424,00:35:20,336.9,314.65,22.25,0.5466214792910453,40,0.55625,90,0,1,-1691.7922933568789,-1580.0606859743007,-111.7316073825782
425,00:35:25,336.65,314.15,22.5,0.5466214792910453,40,0.5625,90,0,1,-1690.5368820379733,-1577.54986333649,-112.9870187014833
426,00:35:30,336.65,314.15,22.5,0.5466214792910453,40,0.5625,90,0,1,-1690.5368820379733,-1577.54986333649,-112.9870187014833
427,00:35:35,336.65,314.4,22.25,0.5466214792910453,40,0.55625,90,0,1,-1690.5368820379733,-1578.8052746553954,-111.73160738257798
428,00:35:40,336.65,314.4,22.25,0.5466214792910453,40,0.55625,90,0,1,-1690.5368820379733,-1578.8052746553954,-111.73160738257798
429,00:35:45,336.65,314.4,22.25,0.5466214792910453,40,0.55625,90,0,1,-1690.5368820379733,-1578.8052746553954,-111.73160738257798
430,00:35:50,336.9,314.4,22.5,0.5466214792910453,40,0.5625,90,0,1,-1691.7922933568789,-1578.8052746553954,-112.98701870148352
431,00:35:55,336.9,314.4,22.5,0.5466214792910453,40,0.5625,90,0,1,-1691.7922933568789,-1578.8052746553954,-112.98701870148352
432,00:36:00,336.9,314.15,22.75,0.5466214792910453,40,0.56875,90,0,1,-1691.7922933568789,-1577.54986333649,-114.24243002038884
433,00:36:05,336.9,314.15,22.75,0.5466214792910453,40,0.56875,90,0,1,-1691.7922933568789,-1577.54986333649,-114.24243002038884
434,00:36:10,336.9,314.15,22.75,0.5466214792910453,40,0.56875,90,0,1,-1691.7922933568789,-1577.54986333649,-114.24243002038884
435,00:36:15,337.4,314.4,23.0,0.5466214792910453,40,0.575,90,0,1,-1694.3031159946895,-1578.8052746553954,-115.49784133929415
436,00:36:20,337.15,314.65,22.5,0.5466214792910453,40,0.5625,90,0,1,-1693.0477046757842,-1580.0606859743007,-112.98701870148352
437,00:36:25,337.15,314.65,22.5,0.5466214792910453,40,0.5625,90,0,1,-1693.0477046757842,-1580.0606859743007,-112.98701870148352
438,00:36:30,336.9,314.65,22.25,0.5466214792910453,40,0.55625,90,0,1,-1691.7922933568789,-1580.0606859743007,-111.7316073825782
439,00:36:35,337.15,314.65,22.5,0.5466214792910453,40,0.5625,90,0,1,-1693.0477046757842,-1580.0606859743007,-112.98701870148352
440,00:36:40,337.15,314.65,22.5,0.5466214792910453,40,0.5625,90,0,1,-1693.0477046757842,-1580.0606859743007,-112.98701870148352
441,00:36:45,337.4,314.65,22.75,0.5466214792910453,40,0.56875,90,0,1,-1694.3031159946895,-1580.0606859743007,-114.24243002038884
442,00:36:50,337.4,314.65,22.75,0.5466214792910453,40,0.56875,90,0,1,-1694.3031159946895,-1580.0606859743007,-114.24243002038884
443,00:36:55,337.4,314.65,22.75,0.5466214792910453,40,0.56875,90,0,1,-1694.3031159946895,-1580.0606859743007,-114.24243002038884
444,00:37:00,337.4,314.65,22.75,0.5466214792910453,40,0.56875,90,0,1,-1694.3031159946895,-1580.0606859743007,-114.24243002038884
445,00:37:05,337.4,314.65,22.75,0.5466214792910453,40,0.56875,90,0,1,-1694.3031159946895,-1580.0606859743007,-114.24243002038884
446,00:37:10,337.4,314.65,22.75,0.5466214792910453,40,0.56875,90,0,1,-1694.3031159946895,-1580.0606859743007,-114.24243002038884
447,00:37:15,337.4,314.65,22.75,0.5466214792910453,40,0.56875,90,0,1,-1694.3031159946895,-1580.0606859743007,-114.24243002038884
448,00:37:20,336.9,314.65,22.25,0.5466214792910453,40,0.55625,90,0,1,-1691.7922933568789,-1580.0606859743007,-111.7316073825782
449,00:37:25,336.9,314.65,22.25,0.5466214792910453,40,0.55625,90,0,1,-1691.7922933568789,-1580.0606859743007,-111.7316073825782
450,00:37:30,336.9,314.65,22.25,0.5466214792910453,40,0.55625,90,0,1,-1691.7922933568789,-1580.0606859743007,-111.7316073825782
451,00:37:35,336.9,314.65,22.25,0.5466214792910453,40,0.55625,90,0,1,-1691.7922933568789,-1580.0606859743007,-111.7316073825782
452,00:37:40,337.15,314.9,22.25,0.5466214792910453,40,0.55625,90,0,1,-1693.0477046757842,-1581.3160972932062,-111.73160738257798
453,00:37:45,337.4,315.15,22.25,0.5466214792910453,40,0.55625,90,0,1,-1694.3031159946895,-1582.5715086121115,-111.73160738257798
454,00:37:50,337.4,314.9,22.5,0.5466214792910453,40,0.5625,90,0,1,-1694.3031159946895,-1581.3160972932062,-112.9870187014833
455,00:37:55,336.9,314.9,22.0,0.5466214792910453,40,0.55,90,0,1,-1691.7922933568789,-1581.3160972932062,-110.47619606367266
456,00:38:00,336.9,314.9,22.0,0.5466214792910453,40,0.55,90,0,1,-1691.7922933568789,-1581.3160972932062,-110.47619606367266
457,00:38:05,336.9,314.9,22.0,0.5466214792910453,40,0.55,90,0,1,-1691.7922933568789,-1581.3160972932062,-110.47619606367266
458,00:38:10,336.9,315.15,21.75,0.5466214792910453,40,0.54375,90,0,1,-1691.7922933568789,-1582.5715086121115,-109.22078474476734
459,00:38:15,336.9,315.4,21.5,0.5466214792910453,40,0.5375,90,0,1,-1691.7922933568789,-1583.8269199310168,-107.96537342586203
460,00:38:20,336.9,315.15,21.75,0.5466214792910453,40,0.54375,90,0,1,-1691.7922933568789,-1582.5715086121115,-109.22078474476734
461,00:38:25,337.15,315.4,21.75,0.5466214792910453,40,0.54375,90,0,1,-1693.0477046757842,-1583.8269199310168,-109.22078474476734
462,00:38:30,337.65,315.4,22.25,0.5466214792910453,40,0.55625,90,0,1,-1695.558527313595,-1583.8269199310168,-111.7316073825782
463,00:38:35,337.65,315.65,22.0,0.5466214792910453,40,0.55,90,0,1,-1695.558527313595,-1585.0823312499224,-110.47619606367266
464,00:38:40,337.4,315.65,21.75,0.5466214792910453,40,0.54375,90,0,1,-1694.3031159946895,-1585.0823312499224,-109.22078474476712
465,00:38:45,337.65,315.65,22.0,0.5466214792910453,40,0.55,90,0,1,-1695.558527313595,-1585.0823312499224,-110.47619606367266
466,00:38:50,337.65,315.4,22.25,0.5466214792910453,40,0.55625,90,0,1,-1695.558527313595,-1583.8269199310168,-111.7316073825782
467,00:38:55,337.15,315.65,21.5,0.5466214792910453,40,0.5375,90,0,1,-1693.0477046757842,-1585.0823312499224,-107.9653734258618
468,00:39:00,336.9,315.4,21.5,0.5466214792910453,40,0.5375,90,0,1,-1691.7922933568789,-1583.8269199310168,-107.96537342586203
469,00:39:05,337.4,315.4,22.0,0.5466214792910453,40,0.55,90,0,1,-1694.3031159946895,-1583.8269199310168,-110.47619606367266
470,00:39:10,337.9,315.65,22.25,0.5466214792910453,40,0.55625,90,0,1,-1696.8139386325004,-1585.0823312499224,-111.73160738257798
471,00:39:15,337.9,315.65,22.25,0.5466214792910453,40,0.55625,90,0,1,-1696.8139386325004,-1585.0823312499224,-111.73160738257798
472,00:39:20,337.9,315.65,22.25,0.5466214792910453,40,0.55625,90,0,1,-1696.8139386325004,-1585.0823312499224,-111.73160738257798
473,00:39:25,337.9,315.65,22.25,0.5466214792910453,40,0.55625,90,0,1,-1696.8139386325004,-1585.0823312499224,-111.73160738257798
474,00:39:30,337.9,315.65,22.25,0.5466214792910453,40,0.55625,90,0,1,-1696.8139386325004,-1585.0823312499224,-111.73160738257798
475,00:39:35,337.9,315.65,22.25,0.5466214792910453,40,0.55625,90,0,1,-1696.8139386325004,-1585.0823312499224,-111.73160738257798
476,00:39:40,337.9,315.65,22.25,0.5466214792910453,40,0.55625,90,0,1,-1696.8139386325004,-1585.0823312499224,-111.73160738257798
477,00:39:45,337.9,315.65,22.25,0.5466214792910453,40,0.55625,90,0,1,-1696.8139386325004,-1585.0823312499224,-111.73160738257798
478,00:39:50,337.9,315.65,22.25,0.5466214792910453,40,0.55625,90,0,1,-1696.8139386325004,-1585.0823312499224,-111.73160738257798
479,00:39:55,337.9,315.65,22.25,0.5466214792910453,40,0.55625,90,0,1,-1696.8139386325004,-1585.0823312499224,-111.73160738257798
480,00:40:00,337.9,315.65,22.25,0.5466214792910453,40,0.55625,90,0,1,-1696.8139386325004,-1585.0823312499224,-111.73160738257798
481,00:40:05,337.9,315.65,22.25,0.5466214792910453,40,0.55625,90,0,1,-1696.8139386325004,-1585.0823312499224,-111.73160738257798
482,00:40:10,337.9,315.4,22.5,0.5466214792910453,40,0.5625,90,0,1,-1696.8139386325004,-1583.8269199310168,-112.98701870148352
483,00:40:15,337.9,315.4,22.5,0.5466214792910453,40,0.5625,90,0,1,-1696.8139386325004,-1583.8269199310168,-112.98701870148352
484,00:40:20,337.9,315.4,22.5,0.5466214792910453,40,0.5625,90,0,1,-1696.8139386325004,-1583.8269199310168,-112.98701870148352
485,00:40:25,337.9,315.4,22.5,0.5466214792910453,40,0.5625,90,0,1,-1696.8139386325004,-1583.8269199310168,-112.98701870148352
486,00:40:30,337.9,315.4,22.5,0.5466214792910453,40,0.5625,90,0,1,-1696.8139386325004,-1583.8269199310168,-112.98701870148352
487,00:40:35,337.9,315.4,22.5,0.5466214792910453,40,0.5625,90,0,1,-1696.8139386325004,-1583.8269199310168,-112.98701870148352
488,00:40:40,337.9,315.4,22.5,0.5466214792910453,40,0.5625,90,0,1,-1696.8139386325004,-1583.8269199310168,-112.98701870148352
489,00:40:45,337.9,315.4,22.5,0.5466214792910453,40,0.5625,90,0,1,-1696.8139386325004,-1583.8269199310168,-112.98701870148352
490,00:40:50,338.15,315.4,22.75,0.5466214792910453,40,0.56875,90,0,1,-1698.0693499514057,-1583.8269199310168,-114.24243002038884
491,00:40:55,338.4,315.4,23.0,0.5466214792910453,40,0.575,90,0,1,-1699.324761270311,-1583.8269199310168,-115.49784133929415
492,00:41:00,338.4,315.4,23.0,0.5466214792910453,40,0.575,90,0,1,-1699.324761270311,-1583.8269199310168,-115.49784133929415
493,00:41:05,338.4,315.4,23.0,0.5466214792910453,40,0.575,90,0,1,-1699.324761270311,-1583.8269199310168,-115.49784133929415
494,00:41:10,338.4,315.4,23.0,0.5466214792910453,40,0.575,90,0,1,-1699.324761270311,-1583.8269199310168,-115.49784133929415
495,00:41:15,338.4,315.4,23.0,0.5466214792910453,40,0.575,90,0,1,-1699.324761270311,-1583.8269199310168,-115.49784133929415
496,00:41:20,338.15,315.15,23.0,0.5466214792910453,40,0.575,90,0,1,-1698.0693499514057,-1582.5715086121115,-115.49784133929415
497,00:41:25,338.4,315.15,23.25,0.5466214792910453,40,0.58125,90,0,1,-1699.324761270311,-1582.5715086121115,-116.75325265819947
498,00:41:30,338.4,315.15,23.25,0.5466214792910453,40,0.58125,90,0,1,-1699.324761270311,-1582.5715086121115,-116.75325265819947
499,00:41:35,338.4,315.15,23.25,0.5466214792910453,40,0.58125,90,0,1,-1699.324761270311,-1582.5715086121115,-116.75325265819947
500,00:41:40,338.4,315.4,23.0,0.5466214792910453,40,0.575,90,0,1,-1699.324761270311,-1583.8269199310168,-115.49784133929415
501,00:41:45,338.4,315.4,23.0,0.5466214792910453,40,0.575,90,0,1,-1699.324761270311,-1583.8269199310168,-115.49784133929415
502,00:41:50,338.4,315.15,23.25,0.5466214792910453,40,0.58125,90,0,1,-1699.324761270311,-1582.5715086121115,-116.75325265819947
503,00:41:55,338.4,315.15,23.25,0.5466214792910453,40,0.58125,90,0,1,-1699.324761270311,-1582.5715086121115,-116.75325265819947
504,00:42:00,338.15,315.15,23.0,0.5466214792910453,40,0.575,90,0,1,-1698.0693499514057,-1582.5715086121115,-115.49784133929415
505,00:42:05,338.4,314.65,23.75,0.5466214792910453,40,0.59375,90,0,1,-1699.324761270311,-1580.0606859743007,-119.26407529601033
506,00:42:10,338.4,314.65,23.75,0.5466214792910453,40,0.59375,90,0,1,-1699.324761270311,-1580.0606859743007,-119.26407529601033
507,00:42:15,338.15,314.65,23.5,0.5466214792910453,40,0.5875,90,0,1,-1698.0693499514057,-1580.0606859743007,-118.00866397710502
508,00:42:20,338.4,314.65,23.75,0.5466214792910453,40,0.59375,90,0,1,-1699.324761270311,-1580.0606859743007,-119.26407529601033
509,00:42:25,338.4,314.65,23.75,0.5466214792910453,40,0.59375,90,0,1,-1699.324761270311,-1580.0606859743007,-119.26407529601033
510,00:42:30,338.4,314.65,23.75,0.5466214792910453,40,0.59375,90,0,1,-1699.324761270311,-1580.0606859743007,-119.26407529601033
511,00:42:35,338.65,314.65,24.0,0.5466214792910453,40,0.6,90,0,1,-1700.5801725892163,-1580.0606859743007,-120.51948661491565
512,00:42:40,338.65,314.4,24.25,0.5466214792910453,40,0.60625,90,0,1,-1700.5801725892163,-1578.8052746553954,-121.77489793382097
513,00:42:45,338.65,314.4,24.25,0.5466214792910453,40,0.60625,90,0,1,-1700.5801725892163,-1578.8052746553954,-121.77489793382097
514,00:42:50,339.15,314.4,24.75,0.5466214792910453,40,0.61875,90,0,1,-1703.0909952270272,-1578.8052746553954,-124.28572057163183
515,00:42:55,339.15,314.4,24.75,0.5466214792910453,40,0.61875,90,0,1,-1703.0909952270272,-1578.8052746553954,-124.28572057163183
516,00:43:00,339.4,314.4,25.0,0.5466214792910453,40,0.625,90,0,1,-1704.3464065459327,-1578.8052746553954,-125.54113189053737
517,00:43:05,339.4,314.4,25.0,0.5466214792910453,40,0.625,90,0,1,-1704.3464065459327,-1578.8052746553954,-125.54113189053737
518,00:43:10,339.4,314.4,25.0,0.5466214792910453,40,0.625,90,0,1,-1704.3464065459327,-1578.8052746553954,-125.54113189053737
519,00:43:15,339.15,314.65,24.5,0.5466214792910453,40,0.6125,90,0,1,-1703.0909952270272,-1580.0606859743007,-123.03030925272651
520,00:43:20,339.15,314.65,24.5,0.5466214792910453,40,0.6125,90,0,1,-1703.0909952270272,-1580.0606859743007,-123.03030925272651
521,00:43:25,339.15,314.65,24.5,0.5466214792910453,40,0.6125,90,0,1,-1703.0909952270272,-1580.0606859743007,-123.03030925272651
522,00:43:30,339.15,314.65,24.5,0.5466214792910453,40,0.6125,90,0,1,-1703.0909952270272,-1580.0606859743007,-123.03030925272651
523,00:43:35,339.15,314.65,24.5,0.5466214792910453,40,0.6125,90,0,1,-1703.0909952270272,-1580.0606859743007,-123.03030925272651
524,00:43:40,339.15,314.9,24.25,0.5466214792910453,40,0.60625,90,0,1,-1703.0909952270272,-1581.3160972932062,-121.77489793382097
525,00:43:45,339.15,315.15,24.0,0.5466214792910453,40,0.6,90,0,1,-1703.0909952270272,-1582.5715086121115,-120.51948661491565
526,00:43:50,339.4,314.65,24.75,0.5466214792910453,40,0.61875,90,0,1,-1704.3464065459327,-1580.0606859743007,-124.28572057163205
527,00:43:55,339.4,314.65,24.75,0.5466214792910453,40,0.61875,90,0,1,-1704.3464065459327,-1580.0606859743007,-124.28572057163205
528,00:44:00,338.9,314.65,24.25,0.5466214792910453,40,0.60625,90,0,1,-1701.8355839081219,-1580.0606859743007,-121.7748979338212
529,00:44:05,338.9,314.65,24.25,0.5466214792910453,40,0.60625,90,0,1,-1701.8355839081219,-1580.0606859743007,-121.7748979338212
530,00:44:10,338.9,314.65,24.25,0.5466214792910453,40,0.60625,90,0,1,-1701.8355839081219,-1580.0606859743007,-121.7748979338212
531,00:44:15,338.9,314.65,24.25,0.5466214792910453,40,0.60625,90,0,1,-1701.8355839081219,-1580.0606859743007,-121.7748979338212
532,00:44:20,339.15,314.65,24.5,0.5466214792910453,40,0.6125,90,0,1,-1703.0909952270272,-1580.0606859743007,-123.03030925272651
533,00:44:25,338.9,314.65,24.25,0.5466214792910453,40,0.60625,90,0,1,-1701.8355839081219,-1580.0606859743007,-121.7748979338212
534,00:44:30,338.9,314.65,24.25,0.5466214792910453,40,0.60625,90,0,1,-1701.8355839081219,-1580.0606859743007,-121.7748979338212
535,00:44:35,338.9,314.9,24.0,0.5466214792910453,40,0.6,90,0,1,-1701.8355839081219,-1581.3160972932062,-120.51948661491565
536,00:44:40,339.15,314.65,24.5,0.5466214792910453,40,0.6125,90,0,1,-1703.0909952270272,-1580.0606859743007,-123.03030925272651
537,00:44:45,339.15,314.65,24.5,0.5466214792910453,40,0.6125,90,0,1,-1703.0909952270272,-1580.0606859743007,-123.03030925272651
538,00:44:50,339.15,314.65,24.5,0.5466214792910453,40,0.6125,90,0,1,-1703.0909952270272,-1580.0606859743007,-123.03030925272651
539,00:44:55,339.15,314.65,24.5,0.5466214792910453,40,0.6125,90,0,1,-1703.0909952270272,-1580.0606859743007,-123.03030925272651
540,00:45:00,339.15,314.9,24.25,0.5466214792910453,40,0.60625,90,0,1,-1703.0909952270272,-1581.3160972932062,-121.77489793382097
541,00:45:05,339.15,314.9,24.25,0.5466214792910453,40,0.60625,90,0,1,-1703.0909952270272,-1581.3160972932062,-121.77489793382097
542,00:45:10,339.15,314.65,24.5,0.5466214792910453,40,0.6125,90,0,1,-1703.0909952270272,-1580.0606859743007,-123.03030925272651
543,00:45:15,339.15,314.65,24.5,0.5466214792910453,40,0.6125,90,0,1,-1703.0909952270272,-1580.0606859743007,-123.03030925272651
544,00:45:20,339.4,315.15,24.25,0.5466214792910453,40,0.60625,90,0,1,-1704.3464065459327,-1582.5715086121115,-121.7748979338212
545,00:45:25,339.15,315.15,24.0,0.5466214792910453,40,0.6,90,0,1,-1703.0909952270272,-1582.5715086121115,-120.51948661491565
546,00:45:30,339.15,315.15,24.0,0.5466214792910453,40,0.6,90,0,1,-1703.0909952270272,-1582.5715086121115,-120.51948661491565
547,00:45:35,338.9,315.15,23.75,0.5466214792910453,40,0.59375,90,0,1,-1701.8355839081219,-1582.5715086121115,-119.26407529601033
548,00:45:40,338.9,315.15,23.75,0.5466214792910453,40,0.59375,90,0,1,-1701.8355839081219,-1582.5715086121115,-119.26407529601033
549,00:45:45,338.9,315.15,23.75,0.5466214792910453,40,0.59375,90,0,1,-1701.8355839081219,-1582.5715086121115,-119.26407529601033
550,00:45:50,338.9,314.65,24.25,0.5466214792910453,40,0.60625,90,0,1,-1701.8355839081219,-1580.0606859743007,-121.7748979338212
551,00:45:55,339.15,314.65,24.5,0.5466214792910453,40,0.6125,90,0,1,-1703.0909952270272,-1580.0606859743007,-123.03030925272651
552,00:46:00,339.4,314.9,24.5,0.5466214792910453,40,0.6125,90,0,1,-1704.3464065459327,-1581.3160972932062,-123.03030925272651
553,00:46:05,338.9,315.15,23.75,0.5466214792910453,40,0.59375,90,0,1,-1701.8355839081219,-1582.5715086121115,-119.26407529601033
554,00:46:10,338.9,315.15,23.75,0.5466214792910453,40,0.59375,90,0,1,-1701.8355839081219,-1582.5715086121115,-119.26407529601033
555,00:46:15,338.9,315.15,23.75,0.5466214792910453,40,0.59375,90,0,1,-1701.8355839081219,-1582.5715086121115,-119.26407529601033
556,00:46:20,338.9,315.4,23.5,0.5466214792910453,40,0.5875,90,0,1,-1701.8355839081219,-1583.8269199310168,-118.00866397710502
557,00:46:25,338.9,315.4,23.5,0.5466214792910453,40,0.5875,90,0,1,-1701.8355839081219,-1583.8269199310168,-118.00866397710502
558,00:46:30,338.9,315.4,23.5,0.5466214792910453,40,0.5875,90,0,1,-1701.8355839081219,-1583.8269199310168,-118.00866397710502
559,00:46:35,339.4,315.15,24.25,0.5466214792910453,40,0.60625,90,0,1,-1704.3464065459327,-1582.5715086121115,-121.7748979338212
560,00:46:40,339.4,315.4,24.0,0.5466214792910453,40,0.6,90,0,1,-1704.3464065459327,-1583.8269199310168,-120.51948661491588
561,00:46:45,339.4,315.4,24.0,0.5466214792910453,40,0.6,90,0,1,-1704.3464065459327,-1583.8269199310168,-120.51948661491588
562,00:46:50,339.4,315.4,24.0,0.5466214792910453,40,0.6,90,0,1,-1704.3464065459327,-1583.8269199310168,-120.51948661491588
563,00:46:55,339.4,315.15,24.25,0.5466214792910453,40,0.60625,90,0,1,-1704.3464065459327,-1582.5715086121115,-121.7748979338212
564,00:47:00,339.4,315.15,24.25,0.5466214792910453,40,0.60625,90,0,1,-1704.3464065459327,-1582.5715086121115,-121.7748979338212
565,00:47:05,339.15,315.4,23.75,0.5466214792910453,40,0.59375,90,0,1,-1703.0909952270272,-1583.8269199310168,-119.26407529601033
566,00:47:10,339.4,315.4,24.0,0.5466214792910453,40,0.6,90,0,1,-1704.3464065459327,-1583.8269199310168,-120.51948661491588
567,00:47:15,339.65,315.4,24.25,0.5466214792910453,40,0.60625,90,0,1,-1705.6018178648378,-1583.8269199310168,-121.77489793382097
568,00:47:20,339.65,315.4,24.25,0.5466214792910453,40,0.60625,90,0,1,-1705.6018178648378,-1583.8269199310168,-121.77489793382097
569,00:47:25,339.65,315.65,24.0,0.5466214792910453,40,0.6,90,0,1,-1705.6018178648378,-1585.0823312499224,-120.51948661491542
570,00:47:30,339.65,315.9,23.75,0.5466214792910453,40,0.59375,90,0,1,-1705.6018178648378,-1586.3377425688275,-119.26407529601033
571,00:47:35,339.65,315.9,23.75,0.5466214792910453,40,0.59375,90,0,1,-1705.6018178648378,-1586.3377425688275,-119.26407529601033
572,00:47:40,339.65,315.9,23.75,0.5466214792910453,40,0.59375,90,0,1,-1705.6018178648378,-1586.3377425688275,-119.26407529601033
573,00:47:45,339.65,315.9,23.75,0.5466214792910453,40,0.59375,90,0,1,-1705.6018178648378,-1586.3377425688275,-119.26407529601033
574,00:47:50,339.65,315.9,23.75,0.5466214792910453,40,0.59375,90,0,1,-1705.6018178648378,-1586.3377425688275,-119.26407529601033
575,00:47:55,339.65,315.9,23.75,0.5466214792910453,40,0.59375,90,0,1,-1705.6018178648378,-1586.3377425688275,-119.26407529601033
576,00:48:00,339.65,315.9,23.75,0.5466214792910453,40,0.59375,90,0,1,-1705.6018178648378,-1586.3377425688275,-119.26407529601033
577,00:48:05,339.4,315.9,23.5,0.5466214792910453,40,0.5875,90,0,1,-1704.3464065459327,-1586.3377425688275,-118.00866397710524
578,00:48:10,339.4,315.9,23.5,0.5466214792910453,40,0.5875,90,0,1,-1704.3464065459327,-1586.3377425688275,-118.00866397710524
579,00:48:15,339.15,315.9,23.25,0.5466214792910453,40,0.58125,90,0,1,-1703.0909952270272,-1586.3377425688275,-116.7532526581997
580,00:48:20,339.9,315.4,24.5,0.5466214792910453,40,0.6125,90,0,1,-1706.8572291837431,-1583.8269199310168,-123.03030925272628
581,00:48:25,339.65,315.4,24.25,0.5466214792910453,40,0.60625,90,0,1,-1705.6018178648378,-1583.8269199310168,-121.77489793382097
582,00:48:30,339.9,315.4,24.5,0.5466214792910453,40,0.6125,90,0,1,-1706.8572291837431,-1583.8269199310168,-123.03030925272628
583,00:48:35,339.9,315.4,24.5,0.5466214792910453,40,0.6125,90,0,1,-1706.8572291837431,-1583.8269199310168,-123.03030925272628
584,00:48:40,339.9,315.4,24.5,0.5466214792910453,40,0.6125,90,0,1,-1706.8572291837431,-1583.8269199310168,-123.03030925272628
585,00:48:45,339.9,315.4,24.5,0.5466214792910453,40,0.6125,90,0,1,-1706.8572291837431,-1583.8269199310168,-123.03030925272628
586,00:48:50,339.9,315.4,24.5,0.5466214792910453,40,0.6125,90,0,1,-1706.8572291837431,-1583.8269199310168,-123.03030925272628
587,00:48:55,339.9,315.4,24.5,0.5466214792910453,40,0.6125,90,0,1,-1706.8572291837431,-1583.8269199310168,-123.03030925272628
588,00:49:00,339.9,315.4,24.5,0.5466214792910453,40,0.6125,90,0,1,-1706.8572291837431,-1583.8269199310168,-123.03030925272628
589,00:49:05,339.9,315.4,24.5,0.5466214792910453,40,0.6125,90,0,1,-1706.8572291837431,-1583.8269199310168,-123.03030925272628
590,00:49:10,339.9,315.4,24.5,0.5466214792910453,40,0.6125,90,0,1,-1706.8572291837431,-1583.8269199310168,-123.03030925272628
591,00:49:15,339.9,315.4,24.5,0.5466214792910453,40,0.6125,90,0,1,-1706.8572291837431,-1583.8269199310168,-123.03030925272628
592,00:49:20,339.9,315.4,24.5,0.5466214792910453,40,0.6125,90,0,1,-1706.8572291837431,-1583.8269199310168,-123.03030925272628
593,00:49:25,339.9,315.4,24.5,0.5466214792910453,40,0.6125,90,0,1,-1706.8572291837431,-1583.8269199310168,-123.03030925272628
594,00:49:30,339.9,315.4,24.5,0.5466214792910453,40,0.6125,90,0,1,-1706.8572291837431,-1583.8269199310168,-123.03030925272628
595,00:49:35,339.9,315.9,24.0,0.5466214792910453,40,0.6,90,0,1,-1706.8572291837431,-1586.3377425688275,-120.51948661491565
596,00:49:40,340.15,315.9,24.25,0.5466214792910453,40,0.60625,90,0,1,-1708.1126405026487,-1586.3377425688275,-121.7748979338212
597,00:49:45,340.15,315.9,24.25,0.5466214792910453,40,0.60625,90,0,1,-1708.1126405026487,-1586.3377425688275,-121.7748979338212
598,00:49:50,339.9,315.9,24.0,0.5799520572965968,40,0.6,90,0,1,-1539.5937047200866,-1430.8845287469119,-108.70917597317475
599,00:49:55,339.9,315.9,24.0,0.5799520572965968,40,0.6,90,0,1,-1539.5937047200866,-1430.8845287469119,-108.70917597317475
600,00:50:00,339.9,315.9,24.0,0.5799520572965968,40,0.6,90,0,1,-1539.5937047200866,-1430.8845287469119,-108.70917597317475
601,00:50:05,339.9,315.9,24.0,0.5799520572965968,40,0.6,90,0,1,-1539.5937047200866,-1430.8845287469119,-108.70917597317475
602,00:50:10,340.15,316.15,24.0,0.5799520572965968,40,0.6,90,0,1,-1540.7260919698072,-1432.0169159966324,-108.70917597317475
603,00:50:15,339.9,316.15,23.75,0.5799520572965968,40,0.59375,90,0,1,-1539.5937047200866,-1432.0169159966324,-107.57678872345423
604,00:50:20,339.9,316.4,23.5,0.5799520572965968,40,0.5875,90,0,1,-1539.5937047200866,-1433.1493032463532,-106.44440147373348
605,00:50:25,339.9,316.4,23.5,0.5799520572965968,40,0.5875,90,0,1,-1539.5937047200866,-1433.1493032463532,-106.44440147373348
606,00:50:30,340.15,316.15,24.0,0.5799520572965968,40,0.6,90,0,1,-1540.7260919698072,-1432.0169159966324,-108.70917597317475
607,00:50:35,340.15,315.9,24.25,0.5799520572965968,40,0.60625,90,0,1,-1540.7260919698072,-1430.8845287469119,-109.84156322289527
608,00:50:40,340.15,315.65,24.5,0.5799520572965968,40,0.6125,90,0,1,-1540.7260919698072,-1429.7521414971916,-110.97395047261557
609,00:50:45,339.9,315.4,24.5,0.5799520572965968,40,0.6125,90,0,1,-1539.5937047200866,-1428.6197542474708,-110.9739504726158
610,00:50:50,340.15,315.65,24.5,0.5799520572965968,40,0.6125,90,0,1,-1540.7260919698072,-1429.7521414971916,-110.97395047261557
611,00:50:55,340.15,315.9,24.25,0.5799520572965968,40,0.60625,90,0,1,-1540.7260919698072,-1430.8845287469119,-109.84156322289527
612,00:51:00,339.9,315.9,24.0,0.5799520572965968,40,0.6,90,0,1,-1539.5937047200866,-1430.8845287469119,-108.70917597317475
613,00:51:05,339.9,315.9,24.0,0.5799520572965968,40,0.6,90,0,1,-1539.5937047200866,-1430.8845287469119,-108.70917597317475
614,00:51:10,339.9,315.9,24.0,0.5799520572965968,40,0.6,90,0,1,-1539.5937047200866,-1430.8845287469119,-108.70917597317475
615,00:51:15,339.9,315.9,24.0,0.5799520572965968,40,0.6,90,0,1,-1539.5937047200866,-1430.8845287469119,-108.70917597317475
616,00:51:20,339.65,315.9,23.75,0.5799520572965968,40,0.59375,90,0,1,-1538.461317470366,-1430.8845287469119,-107.57678872345423
617,00:51:25,339.65,316.15,23.5,0.5799520572965968,40,0.5875,90,0,1,-1538.461317470366,-1432.0169159966324,-106.4444014737337
618,00:51:30,339.9,316.15,23.75,0.5799520572965968,40,0.59375,90,0,1,-1539.5937047200866,-1432.0169159966324,-107.57678872345423
619,00:51:35,339.9,315.9,24.0,0.5799520572965968,40,0.6,90,0,1,-1539.5937047200866,-1430.8845287469119,-108.70917597317475
620,00:51:40,339.9,315.9,24.0,0.5799520572965968,40,0.6,90,0,1,-1539.5937047200866,-1430.8845287469119,-108.70917597317475
621,00:51:45,339.9,315.9,24.0,0.5799520572965968,40,0.6,90,0,1,-1539.5937047200866,-1430.8845287469119,-108.70917597317475
622,00:51:50,339.9,315.9,24.0,0.5799520572965968,40,0.6,90,0,1,-1539.5937047200866,-1430.8845287469119,-108.70917597317475
623,00:51:55,340.15,315.9,24.25,0.5799520572965968,40,0.60625,90,0,1,-1540.7260919698072,-1430.8845287469119,-109.84156322289527
624,00:52:00,340.4,315.9,24.5,0.5799520572965968,40,0.6125,90,0,1,-1541.858479219528,-1430.8845287469119,-110.97395047261602
625,00:52:05,339.9,315.9,24.0,0.5799520572965968,40,0.6,90,0,1,-1539.5937047200866,-1430.8845287469119,-108.70917597317475
626,00:52:10,339.9,315.9,24.0,0.5799520572965968,40,0.6,90,0,1,-1539.5937047200866,-1430.8845287469119,-108.70917597317475
627,00:52:15,339.4,315.9,23.5,0.5799520572965968,40,0.5875,90,0,1,-1537.3289302206456,-1430.8845287469119,-106.4444014737337
628,00:52:20,339.65,315.9,23.75,0.5799520572965968,40,0.59375,90,0,1,-1538.461317470366,-1430.8845287469119,-107.57678872345423
629,00:52:25,339.65,315.9,23.75,0.5799520572965968,40,0.59375,90,0,1,-1538.461317470366,-1430.8845287469119,-107.57678872345423
630,00:52:30,339.65,315.9,23.75,0.5799520572965968,40,0.59375,90,0,1,-1538.461317470366,-1430.8845287469119,-107.57678872345423
631,00:52:35,339.9,315.9,24.0,0.5799520572965968,40,0.6,90,0,1,-1539.5937047200866,-1430.8845287469119,-108.70917597317475
632,00:52:40,339.9,315.9,24.0,0.5799520572965968,40,0.6,90,0,1,-1539.5937047200866,-1430.8845287469119,-108.70917597317475
633,00:52:45,339.65,315.9,23.75,0.5799520572965968,40,0.59375,90,0,1,-1538.461317470366,-1430.8845287469119,-107.57678872345423
634,00:52:50,339.4,315.9,23.5,0.5799520572965968,40,0.5875,90,0,1,-1537.3289302206456,-1430.8845287469119,-106.4444014737337
635,00:52:55,339.4,315.9,23.5,0.5799520572965968,40,0.5875,90,0,1,-1537.3289302206456,-1430.8845287469119,-106.4444014737337
636,00:53:00,339.65,315.9,23.75,0.5799520572965968,40,0.59375,90,0,1,-1538.461317470366,-1430.8845287469119,-107.57678872345423
637,00:53:05,339.4,315.9,23.5,0.5799520572965968,40,0.5875,90,0,1,-1537.3289302206456,-1430.8845287469119,-106.4444014737337
638,00:53:10,339.4,315.9,23.5,0.5799520572965968,40,0.5875,90,0,1,-1537.3289302206456,-1430.8845287469119,-106.4444014737337
639,00:53:15,339.15,315.9,23.25,0.5799520572965968,40,0.58125,90,0,1,-1536.196542970925,-1430.8845287469119,-105.31201422401318
640,00:53:20,339.65,315.9,23.75,0.5799520572965968,40,0.59375,90,0,1,-1538.461317470366,-1430.8845287469119,-107.57678872345423
641,00:53:25,339.65,315.9,23.75,0.5799520572965968,40,0.59375,90,0,1,-1538.461317470366,-1430.8845287469119,-107.57678872345423
642,00:53:30,339.4,315.9,23.5,0.5799520572965968,40,0.5875,90,0,1,-1537.3289302206456,-1430.8845287469119,-106.4444014737337
643,00:53:35,339.4,315.9,23.5,0.5799520572965968,40,0.5875,90,0,1,-1537.3289302206456,-1430.8845287469119,-106.4444014737337
644,00:53:40,339.4,315.9,23.5,0.5799520572965968,40,0.5875,90,0,1,-1537.3289302206456,-1430.8845287469119,-106.4444014737337
645,00:53:45,339.4,315.9,23.5,0.5799520572965968,40,0.5875,90,0,1,-1537.3289302206456,-1430.8845287469119,-106.4444014737337
646,00:53:50,339.4,315.9,23.5,0.5799520572965968,40,0.5875,90,0,1,-1537.3289302206456,-1430.8845287469119,-106.4444014737337
647,00:53:55,339.4,315.9,23.5,0.5799520572965968,40,0.5875,90,0,1,-1537.3289302206456,-1430.8845287469119,-106.4444014737337
648,00:54:00,339.65,315.9,23.75,0.5799520572965968,40,0.59375,90,0,1,-1538.461317470366,-1430.8845287469119,-107.57678872345423
649,00:54:05,339.9,315.9,24.0,0.5799520572965968,40,0.6,90,0,1,-1539.5937047200866,-1430.8845287469119,-108.70917597317475
650,00:54:10,339.9,315.9,24.0,0.5799520572965968,40,0.6,90,0,1,-1539.5937047200866,-1430.8845287469119,-108.70917597317475
651,00:54:15,339.9,315.9,24.0,0.5799520572965968,40,0.6,90,0,1,-1539.5937047200866,-1430.8845287469119,-108.70917597317475
652,00:54:20,339.9,315.9,24.0,0.5799520572965968,40,0.6,90,0,1,-1539.5937047200866,-1430.8845287469119,-108.70917597317475
653,00:54:25,339.9,315.9,24.0,0.5799520572965968,40,0.6,90,0,1,-1539.5937047200866,-1430.8845287469119,-108.70917597317475
654,00:54:30,339.9,315.9,24.0,0.5799520572965968,40,0.6,90,0,1,-1539.5937047200866,-1430.8845287469119,-108.70917597317475
655,00:54:35,339.9,315.9,24.0,0.5799520572965968,40,0.6,90,0,1,-1539.5937047200866,-1430.8845287469119,-108.70917597317475
656,00:54:40,339.9,316.15,23.75,0.5799520572965968,40,0.59375,90,0,1,-1539.5937047200866,-1432.0169159966324,-107.57678872345423
657,00:54:45,339.9,316.15,23.75,0.5799520572965968,40,0.59375,90,0,1,-1539.5937047200866,-1432.0169159966324,-107.57678872345423
658,00:54:50,339.9,315.9,24.0,0.5799520572965968,40,0.6,90,0,1,-1539.5937047200866,-1430.8845287469119,-108.70917597317475
659,00:54:55,339.9,315.9,24.0,0.5799520572965968,40,0.6,90,0,1,-1539.5937047200866,-1430.8845287469119,-108.70917597317475
660,00:55:00,339.9,315.9,24.0,0.5799520572965968,40,0.6,90,0,1,-1539.5937047200866,-1430.8845287469119,-108.70917597317475
661,00:55:05,339.9,316.15,23.75,0.5799520572965968,40,0.59375,90,0,1,-1539.5937047200866,-1432.0169159966324,-107.57678872345423
662,00:55:10,339.65,315.9,23.75,0.5799520572965968,40,0.59375,90,0,1,-1538.461317470366,-1430.8845287469119,-107.57678872345423
663,00:55:15,339.9,315.9,24.0,0.5799520572965968,40,0.6,90,0,1,-1539.5937047200866,-1430.8845287469119,-108.70917597317475
664,00:55:20,339.9,316.15,23.75,0.5799520572965968,40,0.59375,90,0,1,-1539.5937047200866,-1432.0169159966324,-107.57678872345423
665,00:55:25,339.65,316.4,23.25,0.5799520572965968,40,0.58125,90,0,1,-1538.461317470366,-1433.1493032463532,-105.31201422401296
666,00:55:30,339.15,316.15,23.0,0.5799520572965968,40,0.575,90,0,1,-1536.196542970925,-1432.0169159966324,-104.17962697429266
667,00:55:35,339.65,316.15,23.5,0.5799520572965968,40,0.5875,90,0,1,-1538.461317470366,-1432.0169159966324,-106.4444014737337
668,00:55:40,339.9,316.4,23.5,0.5799520572965968,40,0.5875,90,0,1,-1539.5937047200866,-1433.1493032463532,-106.44440147373348
669,00:55:45,339.9,316.4,23.5,0.5799520572965968,40,0.5875,90,0,1,-1539.5937047200866,-1433.1493032463532,-106.44440147373348
670,00:55:50,339.9,316.4,23.5,0.5799520572965968,40,0.5875,90,0,1,-1539.5937047200866,-1433.1493032463532,-106.44440147373348
671,00:55:55,339.9,316.15,23.75,0.5799520572965968,40,0.59375,90,0,1,-1539.5937047200866,-1432.0169159966324,-107.57678872345423
672,00:56:00,339.65,316.15,23.5,0.5799520572965968,40,0.5875,90,0,1,-1538.461317470366,-1432.0169159966324,-106.4444014737337
673,00:56:05,339.65,316.15,23.5,0.5799520572965968,40,0.5875,90,0,1,-1538.461317470366,-1432.0169159966324,-106.4444014737337
674,00:56:10,339.9,316.15,23.75,0.5799520572965968,40,0.59375,90,0,1,-1539.5937047200866,-1432.0169159966324,-107.57678872345423
675,00:56:15,339.9,316.4,23.5,0.5799520572965968,40,0.5875,90,0,1,-1539.5937047200866,-1433.1493032463532,-106.44440147373348
676,00:56:20,339.9,316.4,23.5,0.5799520572965968,40,0.5875,90,0,1,-1539.5937047200866,-1433.1493032463532,-106.44440147373348
677,00:56:25,339.9,316.4,23.5,0.5799520572965968,40,0.5875,90,0,1,-1539.5937047200866,-1433.1493032463532,-106.44440147373348
678,00:56:30,339.9,316.4,23.5,0.5799520572965968,40,0.5875,90,0,1,-1539.5937047200866,-1433.1493032463532,-106.44440147373348
679,00:56:35,339.9,316.4,23.5,0.5799520572965968,40,0.5875,90,0,1,-1539.5937047200866,-1433.1493032463532,-106.44440147373348
680,00:56:40,339.9,316.15,23.75,0.5799520572965968,40,0.59375,90,0,1,-1539.5937047200866,-1432.0169159966324,-107.57678872345423
681,00:56:45,339.9,316.15,23.75,0.5799520572965968,40,0.59375,90,0,1,-1539.5937047200866,-1432.0169159966324,-107.57678872345423
682,00:56:50,339.65,316.4,23.25,0.5799520572965968,40,0.58125,90,0,1,-1538.461317470366,-1433.1493032463532,-105.31201422401296
683,00:56:55,339.65,316.4,23.25,0.5799520572965968,40,0.58125,90,0,1,-1538.461317470366,-1433.1493032463532,-105.31201422401296
684,00:57:00,339.9,316.4,23.5,0.5799520572965968,40,0.5875,90,0,1,-1539.5937047200866,-1433.1493032463532,-106.44440147373348
685,00:57:05,339.9,316.4,23.5,0.5799520572965968,40,0.5875,90,0,1,-1539.5937047200866,-1433.1493032463532,-106.44440147373348
686,00:57:10,339.9,316.15,23.75,0.5799520572965968,40,0.59375,90,0,1,-1539.5937047200866,-1432.0169159966324,-107.57678872345423
687,00:57:15,340.4,316.15,24.25,0.5799520572965968,40,0.60625,90,0,1,-1541.858479219528,-1432.0169159966324,-109.8415632228955
688,00:57:20,340.4,316.15,24.25,0.5799520572965968,40,0.60625,90,0,1,-1541.858479219528,-1432.0169159966324,-109.8415632228955
689,00:57:25,340.65,316.15,24.5,0.5799520572965968,40,0.6125,90,0,1,-1542.9908664692484,-1432.0169159966324,-110.97395047261602
690,00:57:30,340.4,316.15,24.25,0.5799520572965968,40,0.60625,90,0,1,-1541.858479219528,-1432.0169159966324,-109.8415632228955
691,00:57:35,340.4,316.15,24.25,0.5799520572965968,40,0.60625,90,0,1,-1541.858479219528,-1432.0169159966324,-109.8415632228955
692,00:57:40,340.4,316.15,24.25,0.5799520572965968,40,0.60625,90,0,1,-1541.858479219528,-1432.0169159966324,-109.8415632228955
693,00:57:45,340.15,316.15,24.0,0.5799520572965968,40,0.6,90,0,1,-1540.7260919698072,-1432.0169159966324,-108.70917597317475
694,00:57:50,340.15,316.15,24.0,0.5799520572965968,40,0.6,90,0,1,-1540.7260919698072,-1432.0169159966324,-108.70917597317475
695,00:57:55,340.15,316.15,24.0,0.5799520572965968,40,0.6,90,0,1,-1540.7260919698072,-1432.0169159966324,-108.70917597317475
696,00:58:00,340.4,316.4,24.0,0.5799520572965968,40,0.6,90,0,1,-1541.858479219528,-1433.1493032463532,-108.70917597317475
697,00:58:05,340.4,316.4,24.0,0.5799520572965968,40,0.6,90,0,1,-1541.858479219528,-1433.1493032463532,-108.70917597317475
698,00:58:10,340.15,316.4,23.75,0.5799520572965968,40,0.59375,90,0,1,-1540.7260919698072,-1433.1493032463532,-107.576788723454
699,00:58:15,340.15,316.4,23.75,0.5799520572965968,40,0.59375,90,0,1,-1540.7260919698072,-1433.1493032463532,-107.576788723454
700,00:58:20,340.4,316.4,24.0,0.5799520572965968,40,0.6,90,0,1,-1541.858479219528,-1433.1493032463532,-108.70917597317475
701,00:58:25,340.15,316.4,23.75,0.5799520572965968,40,0.59375,90,0,1,-1540.7260919698072,-1433.1493032463532,-107.576788723454
702,00:58:30,340.15,316.15,24.0,0.5799520572965968,40,0.6,90,0,1,-1540.7260919698072,-1432.0169159966324,-108.70917597317475
703,00:58:35,340.15,316.15,24.0,0.5799520572965968,40,0.6,90,0,1,-1540.7260919698072,-1432.0169159966324,-108.70917597317475
704,00:58:40,340.15,316.15,24.0,0.5799520572965968,40,0.6,90,0,1,-1540.7260919698072,-1432.0169159966324,-108.70917597317475
705,00:58:45,340.4,316.15,24.25,0.5799520572965968,40,0.60625,90,0,1,-1541.858479219528,-1432.0169159966324,-109.8415632228955
706,00:58:50,340.4,316.15,24.25,0.5799520572965968,40,0.60625,90,0,1,-1541.858479219528,-1432.0169159966324,-109.8415632228955
707,00:58:55,340.4,316.15,24.25,0.5799520572965968,40,0.60625,90,0,1,-1541.858479219528,-1432.0169159966324,-109.8415632228955
708,00:59:00,340.4,316.15,24.25,0.5799520572965968,40,0.60625,90,0,1,-1541.858479219528,-1432.0169159966324,-109.8415632228955
709,00:59:05,340.4,316.15,24.25,0.5799520572965968,40,0.60625,90,0,1,-1541.858479219528,-1432.0169159966324,-109.8415632228955
710,00:59:10,340.4,316.15,24.25,0.5799520572965968,40,0.60625,90,0,1,-1541.858479219528,-1432.0169159966324,-109.8415632228955
711,00:59:15,340.4,316.15,24.25,0.5799520572965968,40,0.60625,90,0,1,-1541.858479219528,-1432.0169159966324,-109.8415632228955
712,00:59:20,340.4,316.15,24.25,0.5799520572965968,40,0.60625,90,0,1,-1541.858479219528,-1432.0169159966324,-109.8415632228955
713,00:59:25,340.4,316.15,24.25,0.5799520572965968,40,0.60625,90,0,1,-1541.858479219528,-1432.0169159966324,-109.8415632228955
714,00:59:30,340.4,316.15,24.25,0.5799520572965968,40,0.60625,90,0,1,-1541.858479219528,-1432.0169159966324,-109.8415632228955
715,00:59:35,340.4,316.15,24.25,0.5799520572965968,40,0.60625,90,0,1,-1541.858479219528,-1432.0169159966324,-109.8415632228955
716,00:59:40,340.4,316.15,24.25,0.5799520572965968,40,0.60625,90,0,1,-1541.858479219528,-1432.0169159966324,-109.8415632228955
717,00:59:45,340.65,316.15,24.5,0.5799520572965968,40,0.6125,90,0,1,-1542.9908664692484,-1432.0169159966324,-110.97395047261602
718,00:59:50,340.65,316.15,24.5,0.5799520572965968,40,0.6125,90,0,1,-1542.9908664692484,-1432.0169159966324,-110.97395047261602
719,00:59:55,340.65,315.9,24.75,0.5799520572965968,40,0.61875,90,0,1,-1542.9908664692484,-1430.8845287469119,-112.10633772233655
720,01:00:00,340.4,315.9,24.5,0.5799520572965968,40,0.6125,90,0,1,-1541.858479219528,-1430.8845287469119,-110.97395047261602
