,t(min),Te[K],Tc[K],dT[K],P[bar],Q[W],TR[K/W],alpha,beta,phase
0,00:00:00,300.15,300.15,0.0,0.4132991672688391,80,0.0,90,0,1
1,00:00:05,300.15,300.15,0.0,0.4132991672688391,80,0.0,90,0,1
2,00:00:10,300.15,300.15,0.0,0.4132991672688391,80,0.0,90,0,1
3,00:00:15,300.15,300.15,0.0,0.4132991672688391,80,0.0,90,0,1
4,00:00:20,300.15,300.15,0.0,0.4132991672688391,80,0.0,90,0,1
5,00:00:25,300.15,300.15,0.0,0.4132991672688391,80,0.0,90,0,1
6,00:00:30,300.15,300.15,0.0,0.4132991672688391,80,0.0,90,0,1
7,00:00:35,300.15,300.15,0.0,0.4132991672688391,80,0.0,90,0,1
8,00:00:40,300.15,300.15,0.0,0.4132991672688391,80,0.0,90,0,1
9,00:00:45,300.15,300.15,0.0,0.4132991672688391,80,0.0,90,0,1
10,00:00:50,300.15,300.15,0.0,0.4132991672688391,80,0.0,90,0,1
11,00:00:55,300.15,300.15,0.0,0.4132991672688391,80,0.0,90,0,1
12,00:01:00,300.15,300.15,0.0,0.4132991672688391,80,0.0,90,0,1
13,00:01:05,300.15,300.15,0.0,0.4132991672688391,80,0.0,90,0,1
14,00:01:10,300.54999999999995,300.15,0.3999999999999986,0.4132991672688391,80,0.004999999999999982,90,0,1
15,00:01:15,300.75,300.15,0.6000000000000014,0.4132991672688391,80,0.007500000000000018,90,0,1
16,00:01:20,300.75,300.15,0.6000000000000014,0.4132991672688391,80,0.007500000000000018,90,0,1
17,00:01:25,300.95,300.15,0.8000000000000007,0.4132991672688391,80,0.010000000000000009,90,0,1
18,00:01:30,301.15,300.15,1.0,0.4132991672688391,80,0.0125,90,0,1
19,00:01:35,301.54999999999995,300.15,1.3999999999999986,0.4132991672688391,80,0.01749999999999998,90,0,1
20,00:01:40,302.54999999999995,301.15,1.3999999999999986,0.4132991672688391,80,0.01749999999999998,90,0,1
21,00:01:45,302.75,301.15,1.6000000000000014,0.4132991672688391,80,0.020000000000000018,90,0,1
22,00:01:50,302.15,300.15,2.0,0.4132991672688391,80,0.025,90,0,1
23,00:01:55,303.34999999999997,301.15,2.1999999999999993,0.4132991672688391,80,0.02749999999999999,90,0,1
24,00:02:00,303.34999999999997,301.15,2.1999999999999993,0.4132991672688391,80,0.02749999999999999,90,0,1
25,00:02:05,303.75,300.4,3.3500000000000014,0.4132991672688391,80,0.041875000000000016,90,0,1
26,00:02:10,303.95,301.4,2.5500000000000007,0.4132991672688391,80,0.03187500000000001,90,0,1
27,00:02:15,304.54999999999995,301.4,3.1499999999999986,0.4132991672688391,80,0.03937499999999998,90,0,1
28,00:02:20,304.75,301.65,3.1000000000000014,0.4132991672688391,80,0.03875000000000002,90,0,1
29,00:02:25,304.95,301.65,3.3000000000000007,0.4132991672688391,80,0.04125000000000001,90,0,1
30,00:02:30,305.15,301.65,3.5,0.4132991672688391,80,0.04375,90,0,1
31,00:02:35,305.15,301.65,3.5,0.4132991672688391,80,0.04375,90,0,1
32,00:02:40,305.34999999999997,301.65,3.700000000000003,0.4132991672688391,80,0.046250000000000034,90,0,1
33,00:02:45,305.95,301.65,4.299999999999997,0.4132991672688391,80,0.053749999999999964,90,0,1
34,00:02:50,306.15,301.65,4.5,0.4132991672688391,80,0.05625,90,0,1
35,00:02:55,306.54999999999995,301.9,4.649999999999999,0.4132991672688391,80,0.05812499999999998,90,0,1
36,00:03:00,306.75,301.9,4.850000000000001,0.4132991672688391,80,0.06062500000000002,90,0,1
37,00:03:05,306.95,301.9,5.049999999999997,0.4132991672688391,80,0.06312499999999996,90,0,1
38,00:03:10,307.54999999999995,302.15,5.399999999999999,0.4132991672688391,80,0.06749999999999998,90,0,1
39,00:03:15,307.54999999999995,302.15,5.399999999999999,0.4132991672688391,80,0.06749999999999998,90,0,1
40,00:03:20,308.15,302.15,6.0,0.4132991672688391,80,0.075,90,0,1
41,00:03:25,308.54999999999995,302.15,6.399999999999999,0.4132991672688391,80,0.07999999999999999,90,0,1
42,00:03:30,308.75,302.4,6.350000000000001,0.4132991672688391,80,0.07937500000000001,90,0,1
43,00:03:35,308.95,302.4,6.549999999999997,0.4132991672688391,80,0.08187499999999996,90,0,1
44,00:03:40,309.75,302.65,7.100000000000001,0.4132991672688391,80,0.08875000000000002,90,0,1
45,00:03:45,309.95,302.65,7.299999999999997,0.4132991672688391,80,0.09124999999999997,90,0,1
46,00:03:50,309.95,302.65,7.299999999999997,0.4132991672688391,80,0.09124999999999997,90,0,1
47,00:03:55,310.54999999999995,302.65,7.899999999999999,0.4132991672688391,80,0.09874999999999998,90,0,1
48,00:04:00,310.75,302.65,8.100000000000001,0.4132991672688391,80,0.10125000000000002,90,0,1
49,00:04:05,311.54999999999995,302.65,8.899999999999999,0.4132991672688391,80,0.11124999999999999,90,0,1
50,00:04:10,311.54999999999995,302.9,8.649999999999999,0.4132991672688391,80,0.10812499999999999,90,0,1
51,00:04:15,311.75,303.15,8.600000000000001,0.4132991672688391,80,0.10750000000000001,90,0,1
52,00:04:20,312.15,303.4,8.75,0.4132991672688391,80,0.109375,90,0,1
53,00:04:25,312.34999999999997,303.4,8.950000000000003,0.4132991672688391,80,0.11187500000000003,90,0,1
54,00:04:30,312.75,303.65,9.100000000000001,0.4132991672688391,80,0.11375000000000002,90,0,1
55,00:04:35,313.34999999999997,303.65,9.700000000000003,0.4132991672688391,80,0.12125000000000004,90,0,1
56,00:04:40,313.54999999999995,303.65,9.899999999999999,0.4132991672688391,80,0.12374999999999999,90,0,1
57,00:04:45,313.75,303.65,10.100000000000001,0.4132991672688391,80,0.12625000000000003,90,0,1
58,00:04:50,314.34999999999997,303.65,10.700000000000003,0.4132991672688391,80,0.13375000000000004,90,0,1
59,00:04:55,314.54999999999995,303.65,10.899999999999999,0.4132991672688391,80,0.13624999999999998,90,0,1
60,00:05:00,314.95,303.9,11.049999999999997,0.4132991672688391,80,0.13812499999999997,90,0,1
61,00:05:05,315.15,303.9,11.25,0.4132991672688391,80,0.140625,90,0,1
62,00:05:10,315.15,304.4,10.75,0.4132991672688391,80,0.134375,90,0,1
63,00:05:15,315.15,304.4,10.75,0.4132991672688391,80,0.134375,90,0,1
64,00:05:20,316.15,304.4,11.75,0.4132991672688391,80,0.146875,90,0,1
65,00:05:25,316.34999999999997,304.4,11.950000000000003,0.4132991672688391,80,0.14937500000000004,90,0,1
66,00:05:30,316.75,304.4,12.350000000000001,0.4132991672688391,80,0.154375,90,0,1
67,00:05:35,316.95,304.65,12.299999999999997,0.4132991672688391,80,0.15374999999999997,90,0,1
68,00:05:40,317.15,304.65,12.5,0.4132991672688391,80,0.15625,90,0,1
69,00:05:45,317.54999999999995,304.9,12.649999999999999,0.4132991672688391,80,0.158125,90,0,1
70,00:05:50,318.15,304.9,13.25,0.4132991672688391,80,0.165625,90,0,1
71,00:05:55,318.15,304.9,13.25,0.4132991672688391,80,0.165625,90,0,1
72,00:06:00,318.34999999999997,305.15,13.200000000000003,0.4132991672688391,80,0.16500000000000004,90,0,1
73,00:06:05,318.95,305.15,13.799999999999997,0.4132991672688391,80,0.17249999999999996,90,0,1
74,00:06:10,318.95,305.15,13.799999999999997,0.4132991672688391,80,0.17249999999999996,90,0,1
75,00:06:15,319.34999999999997,305.15,14.200000000000003,0.4132991672688391,80,0.17750000000000005,90,0,1
76,00:06:20,319.54999999999995,305.4,14.149999999999999,0.4132991672688391,80,0.17687499999999998,90,0,1
77,00:06:25,319.95,305.4,14.549999999999997,0.4132991672688391,80,0.18187499999999995,90,0,1
78,00:06:30,320.34999999999997,305.4,14.950000000000003,0.44662974527439064,80,0.18687500000000004,90,0,1
79,00:06:35,320.54999999999995,305.65,14.899999999999999,0.44662974527439064,80,0.18624999999999997,90,0,1
80,00:06:40,320.75,306.15,14.600000000000001,0.44662974527439064,80,0.18250000000000002,90,0,1
81,00:06:45,320.75,306.15,14.600000000000001,0.44662974527439064,80,0.18250000000000002,90,0,1
82,00:06:50,321.34999999999997,306.15,15.200000000000003,0.44662974527439064,80,0.19000000000000003,90,0,1
83,00:06:55,321.54999999999995,306.15,15.399999999999999,0.44662974527439064,80,0.19249999999999998,90,0,1
84,00:07:00,322.15,306.15,16.0,0.44662974527439064,80,0.2,90,0,1
85,00:07:05,322.34999999999997,306.4,15.950000000000003,0.44662974527439064,80,0.19937500000000002,90,0,1
86,00:07:10,322.54999999999995,306.4,16.15,0.44662974527439064,80,0.20187499999999997,90,0,1
87,00:07:15,322.75,306.4,16.35,0.44662974527439064,80,0.20437500000000003,90,0,1
88,00:07:20,323.15,306.4,16.75,0.44662974527439064,80,0.209375,90,0,1
89,00:07:25,323.54999999999995,306.9,16.65,0.44662974527439064,80,0.20812499999999998,90,0,1
90,00:07:30,323.95,307.15,16.799999999999997,0.44662974527439064,80,0.20999999999999996,90,0,1
91,00:07:35,323.95,307.15,16.799999999999997,0.44662974527439064,80,0.20999999999999996,90,0,1
92,00:07:40,324.15,307.15,17.0,0.44662974527439064,80,0.2125,90,0,1
93,00:07:45,324.54999999999995,307.15,17.4,0.44662974527439064,80,0.21749999999999997,90,0,1
94,00:07:50,324.54999999999995,307.4,17.15,0.44662974527439064,80,0.21437499999999998,90,0,1
95,00:07:55,324.75,307.65,17.1,0.44662974527439064,80,0.21375000000000002,90,0,1
96,00:08:00,324.95,307.9,17.049999999999997,0.44662974527439064,80,0.21312499999999995,90,0,1
97,00:08:05,325.34999999999997,307.9,17.450000000000003,0.44662974527439064,80,0.21812500000000004,90,0,1
98,00:08:10,325.54999999999995,307.9,17.65,0.4799603232799422,80,0.220625,90,0,1
99,00:08:15,325.95,307.9,18.049999999999997,0.4799603232799422,80,0.22562499999999996,90,0,1
100,00:08:20,326.34999999999997,308.15,18.200000000000003,0.4799603232799422,80,0.22750000000000004,90,0,1
101,00:08:25,326.34999999999997,308.4,17.950000000000003,0.4799603232799422,80,0.22437500000000005,90,0,1
102,00:08:30,326.54999999999995,308.4,18.15,0.4799603232799422,80,0.226875,90,0,1
103,00:08:35,327.15,308.65,18.5,0.4799603232799422,80,0.23125,90,0,1
104,00:08:40,327.15,308.65,18.5,0.4799603232799422,80,0.23125,90,0,1
105,00:08:45,328.15,308.9,19.25,0.4799603232799422,80,0.240625,90,0,1
106,00:08:50,328.15,308.9,19.25,0.4799603232799422,80,0.240625,90,0,1
107,00:08:55,328.34999999999997,308.9,19.450000000000003,0.4799603232799422,80,0.24312500000000004,90,0,1
108,00:09:00,328.34999999999997,308.9,19.450000000000003,0.4799603232799422,80,0.24312500000000004,90,0,1
109,00:09:05,328.34999999999997,309.4,18.950000000000003,0.4799603232799422,80,0.23687500000000003,90,0,1
110,00:09:10,328.54999999999995,309.4,19.15,0.4799603232799422,80,0.23937499999999998,90,0,1
111,00:09:15,329.15,309.65,19.5,0.4799603232799422,80,0.24375,90,0,1
112,00:09:20,329.34999999999997,309.65,19.700000000000003,0.4799603232799422,80,0.24625000000000002,90,0,1
113,00:09:25,329.34999999999997,309.65,19.700000000000003,0.4799603232799422,80,0.24625000000000002,90,0,1
114,00:09:30,329.54999999999995,309.65,19.9,0.4799603232799422,80,0.24874999999999997,90,0,1
115,00:09:35,329.95,309.65,20.299999999999997,0.4799603232799422,80,0.25375,90,0,1
116,00:09:40,329.95,309.9,20.049999999999997,0.4799603232799422,80,0.250625,90,0,1
117,00:09:45,330.15,309.9,20.25,0.4799603232799422,80,0.253125,90,0,1
118,00:09:50,330.75,309.9,20.85,0.4799603232799422,80,0.260625,90,0,1
119,00:09:55,330.95,310.15,20.799999999999997,0.4799603232799422,80,0.25999999999999995,90,0,1
120,00:10:00,330.95,310.15,20.799999999999997,0.5132909012854937,80,0.25999999999999995,90,0,1
121,00:10:05,331.15,310.4,20.75,0.5132909012854937,80,0.259375,90,0,1
122,00:10:10,331.75,310.4,21.35,0.5132909012854937,80,0.26687500000000003,90,0,1
123,00:10:15,332.15,310.4,21.75,0.5132909012854937,80,0.271875,90,0,1
124,00:10:20,332.15,310.4,21.75,0.5132909012854937,80,0.271875,90,0,1
125,00:10:25,332.15,310.4,21.75,0.5132909012854937,80,0.271875,90,0,1
126,00:10:30,332.95,310.65,22.299999999999997,0.5132909012854937,80,0.27874999999999994,90,0,1
127,00:10:35,332.95,310.9,22.049999999999997,0.5132909012854937,80,0.27562499999999995,90,0,1
128,00:10:40,333.15,311.15,22.0,0.5132909012854937,80,0.275,90,0,1
129,00:10:45,333.34999999999997,311.4,21.950000000000003,0.5466214792910453,80,0.27437500000000004,90,0,1
130,00:10:50,333.54999999999995,311.4,22.15,0.5466214792910453,80,0.276875,90,0,1
131,00:10:55,333.95,311.4,22.549999999999997,0.5466214792910453,80,0.281875,90,0,1
132,00:11:00,334.34999999999997,311.65,22.700000000000003,0.5466214792910453,80,0.28375000000000006,90,0,1
133,00:11:05,334.54999999999995,311.65,22.9,0.5466214792910453,80,0.28625,90,0,1
134,00:11:10,334.54999999999995,311.4,23.15,0.5466214792910453,80,0.289375,90,0,1
135,00:11:15,334.54999999999995,311.65,22.9,0.5466214792910453,80,0.28625,90,0,1
136,00:11:20,334.75,311.9,22.85,0.5466214792910453,80,0.285625,90,0,1
137,00:11:25,335.54999999999995,312.15,23.4,0.5466214792910453,80,0.2925,90,0,1
138,00:11:30,335.54999999999995,312.4,23.15,0.5466214792910453,80,0.289375,90,0,1
139,00:11:35,335.54999999999995,312.4,23.15,0.5466214792910453,80,0.289375,90,0,1
140,00:11:40,335.54999999999995,312.9,22.65,0.5466214792910453,80,0.28312499999999996,90,0,1
141,00:11:45,335.54999999999995,312.9,22.65,0.5466214792910453,80,0.28312499999999996,90,0,1
142,00:11:50,335.54999999999995,312.9,22.65,0.5466214792910453,80,0.28312499999999996,90,0,1
143,00:11:55,335.54999999999995,312.9,22.65,0.5466214792910453,80,0.28312499999999996,90,0,1
144,00:12:00,335.95,312.9,23.049999999999997,0.5466214792910453,80,0.28812499999999996,90,0,1
145,00:12:05,336.34999999999997,312.9,23.450000000000003,0.5466214792910453,80,0.293125,90,0,1
146,00:12:10,336.15,312.9,23.25,0.5799520572965968,80,0.290625,90,0,1
147,00:12:15,336.34999999999997,313.15,23.200000000000003,0.5799520572965968,80,0.29000000000000004,90,0,1
148,00:12:20,336.54999999999995,313.65,22.9,0.5799520572965968,80,0.28625,90,0,1
149,00:12:25,336.75,313.9,22.85,0.5799520572965968,80,0.285625,90,0,1
150,00:12:30,336.75,313.9,22.85,0.5799520572965968,80,0.285625,90,0,1
151,00:12:35,336.75,313.9,22.85,0.5799520572965968,80,0.285625,90,0,1
152,00:12:40,337.54999999999995,314.65,22.900000000000006,0.5799520572965968,80,0.28625000000000006,90,0,1
153,00:12:45,337.75,314.65,23.099999999999994,0.5799520572965968,80,0.28874999999999995,90,0,1
154,00:12:50,337.75,314.65,23.099999999999994,0.5799520572965968,80,0.28874999999999995,90,0,1
155,00:12:55,338.15,314.9,23.25,0.5799520572965968,80,0.290625,90,0,1
156,00:13:00,338.15,314.9,23.25,0.6132826353021483,80,0.290625,90,0,1
157,00:13:05,338.34999999999997,314.9,23.450000000000003,0.6132826353021483,80,0.293125,90,0,1
158,00:13:10,338.34999999999997,314.9,23.450000000000003,0.6132826353021483,80,0.293125,90,0,1
159,00:13:15,338.54999999999995,315.15,23.400000000000006,0.6132826353021483,80,0.2925000000000001,90,0,1
160,00:13:20,338.54999999999995,314.9,23.650000000000006,0.6132826353021483,80,0.2956250000000001,90,0,1
161,00:13:25,338.75,315.15,23.599999999999994,0.6132826353021483,80,0.29499999999999993,90,0,1
162,00:13:30,338.95,315.15,23.799999999999997,0.6132826353021483,80,0.2975,90,0,1
163,00:13:35,338.95,315.4,23.549999999999997,0.6132826353021483,80,0.29437499999999994,90,0,1
164,00:13:40,338.95,315.65,23.299999999999997,0.6132826353021483,80,0.29124999999999995,90,0,1
165,00:13:45,339.15,315.65,23.5,0.6132826353021483,80,0.29375,90,0,1
166,00:13:50,338.54999999999995,316.4,22.150000000000006,0.6132826353021483,80,0.2768750000000001,90,0,1
167,00:13:55,338.15,316.65,21.5,0.6132826353021483,80,0.26875,90,0,1
168,00:14:00,338.34999999999997,316.65,21.700000000000003,0.6132826353021483,80,0.27125000000000005,90,0,1
169,00:14:05,338.34999999999997,316.65,21.700000000000003,0.6132826353021483,80,0.27125000000000005,90,0,1
170,00:14:10,338.34999999999997,316.65,21.700000000000003,0.6132826353021483,80,0.27125000000000005,90,0,1
171,00:14:15,338.54999999999995,316.4,22.150000000000006,0.6132826353021483,80,0.2768750000000001,90,0,1
172,00:14:20,339.15,316.65,22.5,0.6132826353021483,80,0.28125,90,0,1
173,00:14:25,339.15,316.4,22.75,0.6132826353021483,80,0.284375,90,0,1
174,00:14:30,339.75,316.4,23.349999999999994,0.6132826353021483,80,0.29187499999999994,90,0,1
175,00:14:35,339.54999999999995,316.4,23.150000000000006,0.6132826353021483,80,0.28937500000000005,90,0,1
176,00:14:40,339.95,316.4,23.549999999999997,0.6132826353021483,80,0.29437499999999994,90,0,1
177,00:14:45,340.75,316.4,24.349999999999994,0.6132826353021483,80,0.30437499999999995,90,0,1
178,00:14:50,340.95,316.65,24.299999999999997,0.6132826353021483,80,0.30374999999999996,90,0,1
179,00:14:55,340.95,316.65,24.299999999999997,0.6132826353021483,80,0.30374999999999996,90,0,1
180,00:15:00,341.34999999999997,316.65,24.700000000000003,0.6132826353021483,80,0.30875,90,0,1
181,00:15:05,341.34999999999997,316.4,24.950000000000003,0.6132826353021483,80,0.311875,90,0,1
182,00:15:10,341.34999999999997,316.4,24.950000000000003,0.6132826353021483,80,0.311875,90,0,1
183,00:15:15,341.75,316.65,25.099999999999994,0.6466132133076999,80,0.3137499999999999,90,0,1
184,00:15:20,341.95,316.4,25.549999999999997,0.6466132133076999,80,0.31937499999999996,90,0,1
185,00:15:25,341.95,316.15,25.799999999999997,0.6466132133076999,80,0.32249999999999995,90,0,1
186,00:15:30,342.54999999999995,316.65,25.900000000000006,0.6466132133076999,80,0.3237500000000001,90,0,1
187,00:15:35,342.75,316.9,25.849999999999994,0.6466132133076999,80,0.32312499999999994,90,0,1
188,00:15:40,342.75,316.9,25.849999999999994,0.6466132133076999,80,0.32312499999999994,90,0,1
189,00:15:45,343.34999999999997,316.9,26.450000000000003,0.6466132133076999,80,0.33062500000000006,90,0,1
190,00:15:50,343.54999999999995,316.9,26.650000000000006,0.6466132133076999,80,0.33312500000000006,90,0,1
191,00:15:55,343.95,317.4,26.549999999999997,0.6466132133076999,80,0.331875,90,0,1
192,00:16:00,344.15,317.4,26.75,0.6466132133076999,80,0.334375,90,0,1
193,00:16:05,344.54999999999995,317.4,27.150000000000006,0.6466132133076999,80,0.3393750000000001,90,0,1
194,00:16:10,344.75,317.4,27.349999999999994,0.6466132133076999,80,0.34187499999999993,90,0,1
195,00:16:15,344.95,317.4,27.549999999999997,0.6466132133076999,80,0.344375,90,0,1
196,00:16:20,344.75,317.65,27.099999999999994,0.6466132133076999,80,0.33874999999999994,90,0,1
197,00:16:25,344.95,317.4,27.549999999999997,0.6466132133076999,80,0.344375,90,0,1
198,00:16:30,344.75,317.4,27.349999999999994,0.6466132133076999,80,0.34187499999999993,90,0,1
199,00:16:35,345.15,317.4,27.75,0.6466132133076999,80,0.346875,90,0,1
200,00:16:40,345.54999999999995,317.4,28.150000000000006,0.6799437913132514,80,0.35187500000000005,90,0,1
201,00:16:45,345.54999999999995,317.4,28.150000000000006,0.6799437913132514,80,0.35187500000000005,90,0,1
202,00:16:50,345.54999999999995,317.65,27.900000000000006,0.6799437913132514,80,0.34875000000000006,90,0,1
203,00:16:55,345.54999999999995,317.65,27.900000000000006,0.6799437913132514,80,0.34875000000000006,90,0,1
204,00:17:00,345.75,317.65,28.099999999999994,0.6799437913132514,80,0.35124999999999995,90,0,1
205,00:17:05,345.75,317.65,28.099999999999994,0.6799437913132514,80,0.35124999999999995,90,0,1
206,00:17:10,346.15,317.65,28.5,0.6799437913132514,80,0.35625,90,0,1
207,00:17:15,346.34999999999997,317.65,28.700000000000003,0.6799437913132514,80,0.35875,90,0,1
208,00:17:20,346.34999999999997,317.65,28.700000000000003,0.6799437913132514,80,0.35875,90,0,1
209,00:17:25,346.75,317.65,29.099999999999994,0.6799437913132514,80,0.3637499999999999,90,0,1
210,00:17:30,346.95,317.65,29.299999999999997,0.6799437913132514,80,0.36624999999999996,90,0,1
211,00:17:35,347.34999999999997,318.15,29.200000000000003,0.6799437913132514,80,0.36500000000000005,90,0,1
212,00:17:40,347.75,318.15,29.599999999999994,0.6799437913132514,80,0.36999999999999994,90,0,1
213,00:17:45,347.54999999999995,318.4,29.150000000000006,0.6799437913132514,80,0.36437500000000006,90,0,1
214,00:17:50,348.15,318.4,29.75,0.6799437913132514,80,0.371875,90,0,1
215,00:17:55,348.15,318.4,29.75,0.6799437913132514,80,0.371875,90,0,1
216,00:18:00,348.15,318.65,29.5,0.6799437913132514,80,0.36875,90,0,1
217,00:18:05,347.95,318.4,29.549999999999997,0.6799437913132514,80,0.36937499999999995,90,0,1
218,00:18:10,348.15,318.15,30.0,0.713274369318803,80,0.375,90,0,1
219,00:18:15,347.95,318.4,29.549999999999997,0.713274369318803,80,0.36937499999999995,90,0,1
220,00:18:20,348.34999999999997,318.65,29.700000000000003,0.713274369318803,80,0.37125,90,0,1
221,00:18:25,348.34999999999997,318.65,29.700000000000003,0.713274369318803,80,0.37125,90,0,1
222,00:18:30,348.15,318.9,29.25,0.713274369318803,80,0.365625,90,0,1
223,00:18:35,348.54999999999995,319.4,29.150000000000006,0.713274369318803,80,0.36437500000000006,90,0,1
224,00:18:40,348.34999999999997,319.4,28.950000000000003,0.713274369318803,80,0.36187500000000006,90,0,1
225,00:18:45,348.34999999999997,319.4,28.950000000000003,0.713274369318803,80,0.36187500000000006,90,0,1
226,00:18:50,348.54999999999995,319.4,29.150000000000006,0.713274369318803,80,0.36437500000000006,90,0,1
227,00:18:55,348.95,319.4,29.549999999999997,0.713274369318803,80,0.36937499999999995,90,0,1
228,00:19:00,348.95,319.9,29.049999999999997,0.713274369318803,80,0.363125,90,0,1
229,00:19:05,349.34999999999997,319.9,29.450000000000003,0.713274369318803,80,0.36812500000000004,90,0,1
230,00:19:10,349.54999999999995,319.65,29.900000000000006,0.713274369318803,80,0.3737500000000001,90,0,1
231,00:19:15,349.54999999999995,319.65,29.900000000000006,0.713274369318803,80,0.3737500000000001,90,0,1
232,00:19:20,349.54999999999995,319.65,29.900000000000006,0.713274369318803,80,0.3737500000000001,90,0,1
233,00:19:25,349.75,319.9,29.849999999999994,0.713274369318803,80,0.37312499999999993,90,0,1
234,00:19:30,349.95,320.4,29.549999999999997,0.7466049473243546,80,0.36937499999999995,90,0,1
235,00:19:35,349.95,320.65,29.299999999999997,0.7466049473243546,80,0.36624999999999996,90,0,1
236,00:19:40,349.95,320.4,29.549999999999997,0.7466049473243546,80,0.36937499999999995,90,0,1
237,00:19:45,349.95,320.4,29.549999999999997,0.7466049473243546,80,0.36937499999999995,90,0,1
238,00:19:50,350.15,320.4,29.75,0.7466049473243546,80,0.371875,90,0,1
239,00:19:55,349.95,320.65,29.299999999999997,0.7466049473243546,80,0.36624999999999996,90,0,1
240,00:20:00,349.95,320.65,29.299999999999997,0.7466049473243546,80,0.36624999999999996,90,0,1
241,00:20:05,349.95,320.65,29.299999999999997,0.7466049473243546,80,0.36624999999999996,90,0,1
242,00:20:10,349.54999999999995,320.9,28.650000000000006,0.7466049473243546,80,0.3581250000000001,90,0,1
243,00:20:15,350.15,320.9,29.25,0.7466049473243546,80,0.365625,90,0,1
244,00:20:20,350.34999999999997,320.9,29.450000000000003,0.7466049473243546,80,0.36812500000000004,90,0,1
245,00:20:25,350.34999999999997,320.9,29.450000000000003,0.7466049473243546,80,0.36812500000000004,90,0,1
246,00:20:30,350.15,320.9,29.25,0.7466049473243546,80,0.365625,90,0,1
247,00:20:35,350.34999999999997,320.9,29.450000000000003,0.7466049473243546,80,0.36812500000000004,90,0,1
248,00:20:40,350.34999999999997,320.9,29.450000000000003,0.7466049473243546,80,0.36812500000000004,90,0,1
249,00:20:45,350.15,320.9,29.25,0.7466049473243546,80,0.365625,90,0,1
250,00:20:50,350.34999999999997,321.15,29.200000000000003,0.7466049473243546,80,0.36500000000000005,90,0,1
251,00:20:55,350.34999999999997,321.65,28.700000000000003,0.7466049473243546,80,0.35875,90,0,1
252,00:21:00,350.34999999999997,321.65,28.700000000000003,0.7466049473243546,80,0.35875,90,0,1
253,00:21:05,350.15,321.9,28.25,0.7466049473243546,80,0.353125,90,0,1
254,00:21:10,350.15,322.15,28.0,0.7466049473243546,80,0.35,90,0,1
255,00:21:15,350.54999999999995,322.15,28.400000000000006,0.7466049473243546,80,0.3550000000000001,90,0,1
256,00:21:20,351.15,322.15,29.0,0.7466049473243546,80,0.3625,90,0,1
257,00:21:25,350.95,322.15,28.799999999999997,0.7466049473243546,80,0.36,90,0,1
258,00:21:30,350.75,322.4,28.349999999999994,0.7466049473243546,80,0.35437499999999994,90,0,1
259,00:21:35,351.15,322.65,28.5,0.7466049473243546,80,0.35625,90,0,1
260,00:21:40,351.34999999999997,322.4,28.950000000000003,0.7799355253299061,80,0.36187500000000006,90,0,1
261,00:21:45,351.34999999999997,322.65,28.700000000000003,0.7799355253299061,80,0.35875,90,0,1
262,00:21:50,351.54999999999995,323.15,28.400000000000006,0.7799355253299061,80,0.3550000000000001,90,0,1
263,00:21:55,351.54999999999995,323.15,28.400000000000006,0.7799355253299061,80,0.3550000000000001,90,0,1
264,00:22:00,351.75,323.15,28.599999999999994,0.7799355253299061,80,0.35749999999999993,90,0,1
265,00:22:05,351.95,323.4,28.549999999999997,0.7799355253299061,80,0.35687499999999994,90,0,1
266,00:22:10,352.15,323.65,28.5,0.8132661033354576,80,0.35625,90,0,1
267,00:22:15,352.54999999999995,323.4,29.150000000000006,0.8132661033354576,80,0.36437500000000006,90,0,1
268,00:22:20,352.34999999999997,323.4,28.950000000000003,0.8132661033354576,80,0.36187500000000006,90,0,1
269,00:22:25,352.54999999999995,323.9,28.650000000000006,0.8132661033354576,80,0.3581250000000001,90,0,1
270,00:22:30,352.95,323.9,29.049999999999997,0.8132661033354576,80,0.363125,90,0,1
271,00:22:35,352.54999999999995,323.9,28.650000000000006,0.8132661033354576,80,0.3581250000000001,90,0,1
272,00:22:40,352.34999999999997,323.9,28.450000000000003,0.8132661033354576,80,0.355625,90,0,1
273,00:22:45,351.95,324.15,27.799999999999997,0.8132661033354576,80,0.3475,90,0,1
274,00:22:50,351.95,324.15,27.799999999999997,0.8132661033354576,80,0.3475,90,0,1
275,00:22:55,352.54999999999995,324.15,28.400000000000006,0.8132661033354576,80,0.3550000000000001,90,0,1
276,00:23:00,352.54999999999995,324.65,27.900000000000006,0.8465966813410092,80,0.34875000000000006,90,0,1
277,00:23:05,352.54999999999995,324.65,27.900000000000006,0.8465966813410092,80,0.34875000000000006,90,0,1
278,00:23:10,352.54999999999995,324.9,27.650000000000006,0.8465966813410092,80,0.34562500000000007,90,0,1
279,00:23:15,352.54999999999995,324.9,27.650000000000006,0.8465966813410092,80,0.34562500000000007,90,0,1
280,00:23:20,352.75,324.9,27.849999999999994,0.8465966813410092,80,0.3481249999999999,90,0,1
281,00:23:25,352.95,325.15,27.799999999999997,0.8465966813410092,80,0.3475,90,0,1
282,00:23:30,353.15,325.4,27.75,0.8465966813410092,80,0.346875,90,0,1
283,00:23:35,353.34999999999997,325.4,27.950000000000003,0.8465966813410092,80,0.34937500000000005,90,0,1
284,00:23:40,353.15,325.4,27.75,0.8465966813410092,80,0.346875,90,0,1
285,00:23:45,353.15,325.4,27.75,0.8465966813410092,80,0.346875,90,0,1
286,00:23:50,353.54999999999995,325.4,28.150000000000006,0.8465966813410092,80,0.35187500000000005,90,0,1
287,00:23:55,353.34999999999997,325.4,27.950000000000003,0.8465966813410092,80,0.34937500000000005,90,0,1
288,00:24:00,353.54999999999995,325.65,27.900000000000006,0.8465966813410092,80,0.34875000000000006,90,0,1
289,00:24:05,353.34999999999997,325.65,27.700000000000003,0.8465966813410092,80,0.34625000000000006,90,0,1
290,00:24:10,353.34999999999997,325.65,27.700000000000003,0.8465966813410092,80,0.34625000000000006,90,0,1
291,00:24:15,353.54999999999995,325.65,27.900000000000006,0.8465966813410092,80,0.34875000000000006,90,0,1
292,00:24:20,353.54999999999995,326.15,27.400000000000006,0.8465966813410092,80,0.3425000000000001,90,0,1
293,00:24:25,353.75,326.4,27.349999999999994,0.8465966813410092,80,0.34187499999999993,90,0,1
294,00:24:30,353.75,326.4,27.349999999999994,0.8465966813410092,80,0.34187499999999993,90,0,1
295,00:24:35,353.75,326.4,27.349999999999994,0.8465966813410092,80,0.34187499999999993,90,0,1
296,00:24:40,353.75,326.4,27.349999999999994,0.8465966813410092,80,0.34187499999999993,90,0,1
297,00:24:45,353.95,326.4,27.549999999999997,0.8465966813410092,80,0.344375,90,0,1
298,00:24:50,353.95,326.4,27.549999999999997,0.8465966813410092,80,0.344375,90,0,1
299,00:24:55,353.75,326.4,27.349999999999994,0.8465966813410092,80,0.34187499999999993,90,0,1
300,00:25:00,353.75,326.4,27.349999999999994,0.8465966813410092,80,0.34187499999999993,90,0,1
301,00:25:05,353.95,326.4,27.549999999999997,0.8799272593465607,80,0.344375,90,0,1
302,00:25:10,354.54999999999995,326.9,27.650000000000006,0.8799272593465607,80,0.34562500000000007,90,0,1
303,00:25:15,354.54999999999995,327.15,27.400000000000006,0.8799272593465607,80,0.3425000000000001,90,0,1
304,00:25:20,354.54999999999995,327.15,27.400000000000006,0.8799272593465607,80,0.3425000000000001,90,0,1
305,00:25:25,354.75,327.15,27.599999999999994,0.8799272593465607,80,0.3449999999999999,90,0,1
306,00:25:30,354.75,327.4,27.349999999999994,0.8799272593465607,80,0.34187499999999993,90,0,1
307,00:25:35,354.75,327.4,27.349999999999994,0.8799272593465607,80,0.34187499999999993,90,0,1
308,00:25:40,354.75,327.15,27.599999999999994,0.8799272593465607,80,0.3449999999999999,90,0,1
309,00:25:45,354.75,327.4,27.349999999999994,0.8799272593465607,80,0.34187499999999993,90,0,1
310,00:25:50,354.75,327.4,27.349999999999994,0.9132578373521122,80,0.34187499999999993,90,0,1
311,00:25:55,354.75,327.65,27.099999999999994,0.9132578373521122,80,0.33874999999999994,90,0,1
312,00:26:00,354.75,327.9,26.849999999999994,0.9132578373521122,80,0.33562499999999995,90,0,1
313,00:26:05,354.95,327.9,27.049999999999997,0.9132578373521122,80,0.33812499999999995,90,0,1
314,00:26:10,354.75,327.9,26.849999999999994,0.9132578373521122,80,0.33562499999999995,90,0,1
315,00:26:15,354.95,327.9,27.049999999999997,0.9132578373521122,80,0.33812499999999995,90,0,1
316,00:26:20,354.95,327.9,27.049999999999997,0.9132578373521122,80,0.33812499999999995,90,0,1
317,00:26:25,354.75,327.9,26.849999999999994,0.9132578373521122,80,0.33562499999999995,90,0,1
318,00:26:30,354.95,327.9,27.049999999999997,0.9132578373521122,80,0.33812499999999995,90,0,1
319,00:26:35,354.75,327.9,26.849999999999994,0.9132578373521122,80,0.33562499999999995,90,0,1
320,00:26:40,354.95,327.9,27.049999999999997,0.9132578373521122,80,0.33812499999999995,90,0,1
321,00:26:45,355.75,328.15,27.599999999999994,0.9465884153576638,80,0.3449999999999999,90,0,1
322,00:26:50,355.34999999999997,328.4,26.950000000000003,0.9465884153576638,80,0.33687500000000004,90,0,1
323,00:26:55,354.75,329.4,25.349999999999994,0.9465884153576638,80,0.3168749999999999,90,0,1
324,00:27:00,354.54999999999995,329.4,25.150000000000006,0.9465884153576638,80,0.31437500000000007,90,0,1
325,00:27:05,354.54999999999995,329.4,25.150000000000006,0.9465884153576638,80,0.31437500000000007,90,0,1
326,00:27:10,354.75,329.65,25.099999999999994,0.9799189933632153,80,0.3137499999999999,90,0,1
327,00:27:15,354.75,329.4,25.349999999999994,0.9799189933632153,80,0.3168749999999999,90,0,1
328,00:27:20,354.95,329.65,25.299999999999997,0.9799189933632153,80,0.31625,90,0,1
329,00:27:25,354.95,329.9,25.049999999999997,0.9799189933632153,80,0.313125,90,0,1
330,00:27:30,354.95,330.15,24.799999999999997,0.9799189933632153,80,0.30999999999999994,90,0,1
331,00:27:35,354.95,330.15,24.799999999999997,0.9799189933632153,80,0.30999999999999994,90,0,1
332,00:27:40,355.15,330.65,24.5,0.9799189933632153,80,0.30625,90,0,1
333,00:27:45,354.95,330.65,24.299999999999997,0.9799189933632153,80,0.30374999999999996,90,0,1
334,00:27:50,355.15,331.15,24.0,0.9799189933632153,80,0.3,90,0,1
335,00:27:55,355.34999999999997,330.9,24.450000000000003,0.9799189933632153,80,0.30562500000000004,90,0,1
336,00:28:00,355.75,330.9,24.849999999999994,0.9799189933632153,80,0.31062499999999993,90,0,1
337,00:28:05,355.95,330.9,25.049999999999997,0.9799189933632153,80,0.313125,90,0,1
338,00:28:10,355.95,331.15,24.799999999999997,0.9799189933632153,80,0.30999999999999994,90,0,1
339,00:28:15,355.95,331.4,24.549999999999997,0.9799189933632153,80,0.30687499999999995,90,0,1
340,00:28:20,355.95,331.4,24.549999999999997,0.9799189933632153,80,0.30687499999999995,90,0,1
341,00:28:25,355.95,331.9,24.049999999999997,0.9799189933632153,80,0.300625,90,0,1
342,00:28:30,355.95,331.65,24.299999999999997,0.9799189933632153,80,0.30374999999999996,90,0,1
343,00:28:35,355.95,331.4,24.549999999999997,0.9799189933632153,80,0.30687499999999995,90,0,1
344,00:28:40,355.95,331.4,24.549999999999997,0.9799189933632153,80,0.30687499999999995,90,0,1
345,00:28:45,355.95,331.4,24.549999999999997,1.0132495713687668,80,0.30687499999999995,90,0,1
346,00:28:50,355.95,331.4,24.549999999999997,1.0132495713687668,80,0.30687499999999995,90,0,1
347,00:28:55,356.15,332.15,24.0,1.0132495713687668,80,0.3,90,0,1
348,00:29:00,356.15,331.65,24.5,1.0132495713687668,80,0.30625,90,0,1
349,00:29:05,356.15,332.15,24.0,1.0132495713687668,80,0.3,90,0,1
350,00:29:10,355.95,332.4,23.549999999999997,1.0132495713687668,80,0.29437499999999994,90,0,1
351,00:29:15,356.15,332.15,24.0,1.0132495713687668,80,0.3,90,0,1
352,00:29:20,356.15,332.4,23.75,1.0132495713687668,80,0.296875,90,0,1
353,00:29:25,356.15,332.4,23.75,1.0132495713687668,80,0.296875,90,0,1
354,00:29:30,356.15,332.4,23.75,1.0132495713687668,80,0.296875,90,0,1
355,00:29:35,356.15,332.4,23.75,1.0132495713687668,80,0.296875,90,0,1
356,00:29:40,356.54999999999995,332.4,24.150000000000006,1.0132495713687668,80,0.30187500000000006,90,0,1
357,00:29:45,356.75,332.4,24.349999999999994,1.0132495713687668,80,0.30437499999999995,90,0,1
358,00:29:50,356.75,332.15,24.599999999999994,1.0132495713687668,80,0.30749999999999994,90,0,1
359,00:29:55,356.75,332.65,24.099999999999994,1.0132495713687668,80,0.3012499999999999,90,0,1
360,00:30:00,356.75,332.9,23.849999999999994,1.0132495713687668,80,0.2981249999999999,90,0,1
361,00:30:05,356.95,333.15,23.799999999999997,1.0132495713687668,80,0.2975,90,0,1
362,00:30:10,356.95,333.4,23.549999999999997,1.0132495713687668,80,0.29437499999999994,90,0,1
363,00:30:15,356.95,333.15,23.799999999999997,1.0132495713687668,80,0.2975,90,0,1
364,00:30:20,356.95,333.15,23.799999999999997,1.0132495713687668,80,0.2975,90,0,1
365,00:30:25,356.95,332.9,24.049999999999997,1.0132495713687668,80,0.300625,90,0,1
366,00:30:30,357.15,333.15,24.0,1.0132495713687668,80,0.3,90,0,1
367,00:30:35,356.95,332.9,24.049999999999997,1.0132495713687668,80,0.300625,90,0,1
368,00:30:40,357.15,332.9,24.25,1.0132495713687668,80,0.303125,90,0,1
369,00:30:45,357.15,332.9,24.25,1.0132495713687668,80,0.303125,90,0,1
370,00:30:50,357.15,332.9,24.25,1.0132495713687668,80,0.303125,90,0,1
371,00:30:55,357.15,333.4,23.75,1.0132495713687668,80,0.296875,90,0,1
372,00:31:00,357.34999999999997,333.4,23.950000000000003,1.0132495713687668,80,0.29937500000000006,90,0,1
373,00:31:05,357.34999999999997,333.4,23.950000000000003,1.0132495713687668,80,0.29937500000000006,90,0,1
374,00:31:10,357.54999999999995,333.65,23.900000000000006,1.0132495713687668,80,0.29875000000000007,90,0,1
375,00:31:15,357.54999999999995,334.4,23.150000000000006,1.0132495713687668,80,0.28937500000000005,90,0,1
376,00:31:20,357.54999999999995,334.4,23.150000000000006,1.0132495713687668,80,0.28937500000000005,90,0,1
377,00:31:25,357.54999999999995,334.4,23.150000000000006,1.0132495713687668,80,0.28937500000000005,90,0,1
378,00:31:30,357.54999999999995,334.4,23.150000000000006,1.0132495713687668,80,0.28937500000000005,90,0,1
379,00:31:35,357.54999999999995,334.65,22.900000000000006,1.0132495713687668,80,0.28625000000000006,90,0,1
380,00:31:40,357.54999999999995,334.9,22.650000000000006,1.0132495713687668,80,0.28312500000000007,90,0,1
381,00:31:45,357.75,335.15,22.599999999999994,1.0132495713687668,80,0.2824999999999999,90,0,1
382,00:31:50,357.34999999999997,335.15,22.200000000000003,1.0132495713687668,80,0.2775,90,0,1
383,00:31:55,357.54999999999995,335.15,22.400000000000006,1.0132495713687668,80,0.2800000000000001,90,0,1
384,00:32:00,357.75,335.15,22.599999999999994,1.0132495713687668,80,0.2824999999999999,90,0,1
385,00:32:05,357.54999999999995,335.4,22.150000000000006,1.0132495713687668,80,0.2768750000000001,90,0,1
386,00:32:10,357.75,336.15,21.599999999999994,1.0132495713687668,80,0.2699999999999999,90,0,1
387,00:32:15,357.75,336.4,21.349999999999994,1.0132495713687668,80,0.2668749999999999,90,0,1
388,00:32:20,357.95,336.15,21.799999999999997,1.0132495713687668,80,0.27249999999999996,90,0,1
389,00:32:25,357.95,336.15,21.799999999999997,1.0132495713687668,80,0.27249999999999996,90,0,1
390,00:32:30,358.15,336.15,22.0,1.0132495713687668,80,0.275,90,0,1
391,00:32:35,358.15,336.65,21.5,1.0132495713687668,80,0.26875,90,0,1
392,00:32:40,358.15,336.4,21.75,1.0132495713687668,80,0.271875,90,0,1
393,00:32:45,357.95,336.15,21.799999999999997,1.0132495713687668,80,0.27249999999999996,90,0,1
394,00:32:50,357.95,336.15,21.799999999999997,1.0132495713687668,80,0.27249999999999996,90,0,1
395,00:32:55,358.15,336.15,22.0,1.0132495713687668,80,0.275,90,0,1
396,00:33:00,358.15,336.15,22.0,1.0132495713687668,80,0.275,90,0,1
397,00:33:05,357.95,336.15,21.799999999999997,1.0132495713687668,80,0.27249999999999996,90,0,1
398,00:33:10,358.34999999999997,336.15,22.200000000000003,1.0132495713687668,80,0.2775,90,0,1
399,00:33:15,358.54999999999995,336.15,22.400000000000006,1.0132495713687668,80,0.2800000000000001,90,0,1
400,00:33:20,358.34999999999997,336.15,22.200000000000003,1.0132495713687668,80,0.2775,90,0,1
401,00:33:25,358.34999999999997,335.9,22.450000000000003,1.0132495713687668,80,0.280625,90,0,1
402,00:33:30,358.54999999999995,335.9,22.650000000000006,1.0132495713687668,80,0.28312500000000007,90,0,1
403,00:33:35,358.54999999999995,335.9,22.650000000000006,1.0132495713687668,80,0.28312500000000007,90,0,1
404,00:33:40,358.54999999999995,336.15,22.400000000000006,1.0132495713687668,80,0.2800000000000001,90,0,1
405,00:33:45,359.15,336.4,22.75,1.0132495713687668,80,0.284375,90,0,1
406,00:33:50,359.15,336.4,22.75,1.0132495713687668,80,0.284375,90,0,1
407,00:33:55,358.95,336.4,22.549999999999997,1.0132495713687668,80,0.281875,90,0,1
408,00:34:00,358.95,336.4,22.549999999999997,1.0132495713687668,80,0.281875,90,0,1
409,00:34:05,358.95,336.65,22.299999999999997,1.0132495713687668,80,0.27874999999999994,90,0,1
410,00:34:10,359.15,336.65,22.5,1.0132495713687668,80,0.28125,90,0,1
411,00:34:15,358.75,336.9,21.849999999999994,1.0132495713687668,80,0.27312499999999995,90,0,1
412,00:34:20,358.95,336.65,22.299999999999997,1.0132495713687668,80,0.27874999999999994,90,0,1
413,00:34:25,358.75,336.65,22.099999999999994,1.0132495713687668,80,0.27624999999999994,90,0,1
414,00:34:30,358.95,336.65,22.299999999999997,1.0132495713687668,80,0.27874999999999994,90,0,1
415,00:34:35,359.15,336.9,22.25,1.0132495713687668,80,0.278125,90,0,1
416,00:34:40,359.15,336.9,22.25,1.0132495713687668,80,0.278125,90,0,1
417,00:34:45,359.15,337.15,22.0,1.0132495713687668,80,0.275,90,0,1
418,00:34:50,358.95,337.4,21.549999999999997,1.0132495713687668,80,0.269375,90,0,1
419,00:34:55,358.95,337.15,21.799999999999997,1.0132495713687668,80,0.27249999999999996,90,0,1
420,00:35:00,359.15,337.15,22.0,1.0132495713687668,80,0.275,90,0,1
421,00:35:05,359.15,337.15,22.0,1.0132495713687668,80,0.275,90,0,1
422,00:35:10,359.15,337.15,22.0,1.0132495713687668,80,0.275,90,0,1
423,00:35:15,359.75,337.15,22.599999999999994,1.0132495713687668,80,0.2824999999999999,90,0,1
424,00:35:20,359.34999999999997,337.9,21.450000000000003,1.0622855177305341,80,0.26812500000000006,90,0,1
425,00:35:25,359.54999999999995,338.15,21.400000000000006,1.0622855177305341,80,0.26750000000000007,90,0,1
426,00:35:30,359.54999999999995,338.4,21.150000000000006,1.0622855177305341,80,0.2643750000000001,90,0,1
427,00:35:35,359.54999999999995,338.4,21.150000000000006,1.0622855177305341,80,0.2643750000000001,90,0,1
428,00:35:40,359.54999999999995,338.4,21.150000000000006,1.0622855177305341,80,0.2643750000000001,90,0,1
429,00:35:45,359.54999999999995,338.15,21.400000000000006,1.0622855177305341,80,0.26750000000000007,90,0,1
430,00:35:50,359.75,338.15,21.599999999999994,1.0622855177305341,80,0.2699999999999999,90,0,1
431,00:35:55,359.75,338.15,21.599999999999994,1.0622855177305341,80,0.2699999999999999,90,0,1
432,00:36:00,360.15,338.15,22.0,1.0622855177305341,80,0.275,90,0,1
433,00:36:05,359.95,338.4,21.549999999999997,1.0622855177305341,80,0.269375,90,0,1
434,00:36:10,359.75,338.4,21.349999999999994,1.0622855177305341,80,0.2668749999999999,90,0,1
435,00:36:15,359.75,338.15,21.599999999999994,1.0622855177305341,80,0.2699999999999999,90,0,1
436,00:36:20,359.95,338.65,21.299999999999997,1.0622855177305341,80,0.26625,90,0,1
437,00:36:25,359.95,338.4,21.549999999999997,1.0622855177305341,80,0.269375,90,0,1
438,00:36:30,359.75,338.4,21.349999999999994,1.0622855177305341,80,0.2668749999999999,90,0,1
439,00:36:35,360.15,338.4,21.75,1.0622855177305341,80,0.271875,90,0,1
440,00:36:40,360.15,338.65,21.5,1.0622855177305341,80,0.26875,90,0,1
441,00:36:45,360.15,338.9,21.25,1.0622855177305341,80,0.265625,90,0,1
442,00:36:50,360.15,338.9,21.25,1.0622855177305341,80,0.265625,90,0,1
443,00:36:55,360.34999999999997,338.9,21.450000000000003,1.0622855177305341,80,0.26812500000000006,90,0,1
444,00:37:00,360.34999999999997,338.9,21.450000000000003,1.0622855177305341,80,0.26812500000000006,90,0,1
445,00:37:05,360.34999999999997,338.65,21.700000000000003,1.0622855177305341,80,0.27125000000000005,90,0,1
446,00:37:10,360.34999999999997,338.65,21.700000000000003,1.0622855177305341,80,0.27125000000000005,90,0,1
447,00:37:15,360.15,338.65,21.5,1.0622855177305341,80,0.26875,90,0,1
448,00:37:20,360.15,338.65,21.5,1.0622855177305341,80,0.26875,90,0,1
449,00:37:25,360.15,338.9,21.25,1.0622855177305341,80,0.265625,90,0,1
450,00:37:30,360.34999999999997,339.4,20.950000000000003,1.0622855177305341,80,0.261875,90,0,1
451,00:37:35,360.34999999999997,339.15,21.200000000000003,1.0622855177305341,80,0.265,90,0,1
452,00:37:40,360.15,339.4,20.75,1.0622855177305341,80,0.259375,90,0,1
453,00:37:45,360.15,339.4,20.75,1.0622855177305341,80,0.259375,90,0,1
454,00:37:50,360.15,339.9,20.25,1.0622855177305341,80,0.253125,90,0,1
455,00:37:55,360.15,339.9,20.25,1.0622855177305341,80,0.253125,90,0,1
456,00:38:00,360.15,340.15,20.0,1.0622855177305341,80,0.25,90,0,1
457,00:38:05,360.15,340.4,19.75,1.0622855177305341,80,0.246875,90,0,1
458,00:38:10,360.15,340.4,19.75,1.0622855177305341,80,0.246875,90,0,1
459,00:38:15,360.34999999999997,340.4,19.950000000000003,1.0622855177305341,80,0.24937500000000004,90,0,1
460,00:38:20,360.15,340.65,19.5,1.0622855177305341,80,0.24375,90,0,1
461,00:38:25,360.34999999999997,340.4,19.950000000000003,1.0622855177305341,80,0.24937500000000004,90,0,1
462,00:38:30,360.15,340.4,19.75,1.0622855177305341,80,0.246875,90,0,1
463,00:38:35,360.34999999999997,340.65,19.700000000000003,1.0622855177305341,80,0.24625000000000002,90,0,1
464,00:38:40,360.54999999999995,340.65,19.900000000000006,1.0622855177305341,80,0.24875000000000008,90,0,1
465,00:38:45,360.34999999999997,340.65,19.700000000000003,1.0622855177305341,80,0.24625000000000002,90,0,1
466,00:38:50,360.54999999999995,340.9,19.650000000000006,1.1113214640923017,80,0.24562500000000007,90,0,1
467,00:38:55,360.54999999999995,341.15,19.400000000000006,1.1113214640923017,80,0.24250000000000008,90,0,1
468,00:39:00,360.75,341.15,19.599999999999994,1.1113214640923017,80,0.24499999999999994,90,0,1
469,00:39:05,360.15,340.9,19.25,1.1113214640923017,80,0.240625,90,0,1
470,00:39:10,360.15,340.9,19.25,1.1113214640923017,80,0.240625,90,0,1
471,00:39:15,360.54999999999995,340.9,19.650000000000006,1.1113214640923017,80,0.24562500000000007,90,0,1
472,00:39:20,360.75,340.65,20.099999999999994,1.1113214640923017,80,0.2512499999999999,90,0,1
473,00:39:25,360.34999999999997,340.15,20.200000000000003,1.1113214640923017,80,0.25250000000000006,90,0,1
474,00:39:30,360.34999999999997,340.15,20.200000000000003,1.1113214640923017,80,0.25250000000000006,90,0,1
475,00:39:35,360.54999999999995,340.65,19.900000000000006,1.1113214640923017,80,0.24875000000000008,90,0,1
476,00:39:40,360.34999999999997,340.9,19.450000000000003,1.1113214640923017,80,0.24312500000000004,90,0,1
477,00:39:45,360.54999999999995,340.9,19.650000000000006,1.1113214640923017,80,0.24562500000000007,90,0,1
478,00:39:50,360.75,340.65,20.099999999999994,1.1113214640923017,80,0.2512499999999999,90,0,1
479,00:39:55,361.15,340.65,20.5,1.1113214640923017,80,0.25625,90,0,1
480,00:40:00,361.15,340.9,20.25,1.1113214640923017,80,0.253125,90,0,1
481,00:40:05,360.95,340.65,20.299999999999997,1.1113214640923017,80,0.25375,90,0,1
482,00:40:10,360.95,340.4,20.549999999999997,1.1113214640923017,80,0.25687499999999996,90,0,1
483,00:40:15,361.15,340.9,20.25,1.1113214640923017,80,0.253125,90,0,1
484,00:40:20,361.15,340.65,20.5,1.1113214640923017,80,0.25625,90,0,1
485,00:40:25,360.75,340.4,20.349999999999994,1.1113214640923017,80,0.2543749999999999,90,0,1
486,00:40:30,361.15,340.4,20.75,1.1113214640923017,80,0.259375,90,0,1
487,00:40:35,361.15,340.65,20.5,1.1113214640923017,80,0.25625,90,0,1
488,00:40:40,361.15,340.65,20.5,1.1113214640923017,80,0.25625,90,0,1
489,00:40:45,360.95,340.65,20.299999999999997,1.1113214640923017,80,0.25375,90,0,1
490,00:40:50,361.15,340.65,20.5,1.1113214640923017,80,0.25625,90,0,1
491,00:40:55,361.34999999999997,340.65,20.700000000000003,1.1113214640923017,80,0.25875000000000004,90,0,1
492,00:41:00,361.34999999999997,340.9,20.450000000000003,1.1113214640923017,80,0.25562500000000005,90,0,1
493,00:41:05,361.34999999999997,340.65,20.700000000000003,1.1113214640923017,80,0.25875000000000004,90,0,1
494,00:41:10,361.34999999999997,340.9,20.450000000000003,1.1113214640923017,80,0.25562500000000005,90,0,1
495,00:41:15,360.54999999999995,340.65,19.900000000000006,1.1113214640923017,80,0.24875000000000008,90,0,1
496,00:41:20,360.34999999999997,340.4,19.950000000000003,1.1113214640923017,80,0.24937500000000004,90,0,1
497,00:41:25,360.54999999999995,340.4,20.150000000000006,1.1603574104540693,80,0.25187500000000007,90,0,1
498,00:41:30,360.95,340.15,20.799999999999997,1.1603574104540693,80,0.25999999999999995,90,0,1
499,00:41:35,360.95,340.4,20.549999999999997,1.1603574104540693,80,0.25687499999999996,90,0,1
500,00:41:40,360.75,340.4,20.349999999999994,1.1603574104540693,80,0.2543749999999999,90,0,1
501,00:41:45,361.34999999999997,340.9,20.450000000000003,1.1603574104540693,80,0.25562500000000005,90,0,1
502,00:41:50,361.15,340.9,20.25,1.1603574104540693,80,0.253125,90,0,1
503,00:41:55,361.15,341.15,20.0,1.1603574104540693,80,0.25,90,0,1
504,00:42:00,361.15,341.15,20.0,1.1603574104540693,80,0.25,90,0,1
505,00:42:05,361.15,341.15,20.0,1.1603574104540693,80,0.25,90,0,1
506,00:42:10,361.54999999999995,341.15,20.400000000000006,1.1603574104540693,80,0.25500000000000006,90,0,1
507,00:42:15,361.54999999999995,341.15,20.400000000000006,1.1603574104540693,80,0.25500000000000006,90,0,1
508,00:42:20,361.54999999999995,341.15,20.400000000000006,1.1603574104540693,80,0.25500000000000006,90,0,1
509,00:42:25,361.54999999999995,341.15,20.400000000000006,1.1603574104540693,80,0.25500000000000006,90,0,1
510,00:42:30,361.54999999999995,341.15,20.400000000000006,1.1603574104540693,80,0.25500000000000006,90,0,1
511,00:42:35,361.54999999999995,340.9,20.650000000000006,1.1603574104540693,80,0.25812500000000005,90,0,1
512,00:42:40,361.54999999999995,341.15,20.400000000000006,1.1603574104540693,80,0.25500000000000006,90,0,1
513,00:42:45,361.54999999999995,341.4,20.150000000000006,1.1603574104540693,80,0.25187500000000007,90,0,1
514,00:42:50,361.15,341.4,19.75,1.1603574104540693,80,0.246875,90,0,1
515,00:42:55,361.95,341.15,20.799999999999997,1.1603574104540693,80,0.25999999999999995,90,0,1
516,00:43:00,361.95,341.4,20.549999999999997,1.1603574104540693,80,0.25687499999999996,90,0,1
517,00:43:05,361.75,341.65,20.099999999999994,1.1603574104540693,80,0.2512499999999999,90,0,1
518,00:43:10,361.54999999999995,341.65,19.900000000000006,1.1603574104540693,80,0.24875000000000008,90,0,1
519,00:43:15,361.34999999999997,341.4,19.950000000000003,1.1603574104540693,80,0.24937500000000004,90,0,1
520,00:43:20,361.54999999999995,341.4,20.150000000000006,1.1603574104540693,80,0.25187500000000007,90,0,1
521,00:43:25,361.54999999999995,341.4,20.150000000000006,1.1603574104540693,80,0.25187500000000007,90,0,1
522,00:43:30,361.95,341.15,20.799999999999997,1.1603574104540693,80,0.25999999999999995,90,0,1
523,00:43:35,361.95,341.15,20.799999999999997,1.1603574104540693,80,0.25999999999999995,90,0,1
524,00:43:40,361.75,340.9,20.849999999999994,1.1603574104540693,80,0.26062499999999994,90,0,1
525,00:43:45,361.34999999999997,340.65,20.700000000000003,1.1603574104540693,80,0.25875000000000004,90,0,1
526,00:43:50,361.34999999999997,340.65,20.700000000000003,1.1603574104540693,80,0.25875000000000004,90,0,1
527,00:43:55,361.54999999999995,340.65,20.900000000000006,1.1603574104540693,80,0.2612500000000001,90,0,1
528,00:44:00,361.54999999999995,340.65,20.900000000000006,1.1603574104540693,80,0.2612500000000001,90,0,1
529,00:44:05,361.54999999999995,340.4,21.150000000000006,1.1603574104540693,80,0.2643750000000001,90,0,1
530,00:44:10,361.54999999999995,340.65,20.900000000000006,1.1603574104540693,80,0.2612500000000001,90,0,1
531,00:44:15,361.75,340.9,20.849999999999994,1.1603574104540693,80,0.26062499999999994,90,0,1
532,00:44:20,362.15,341.15,21.0,1.1603574104540693,80,0.2625,90,0,1
533,00:44:25,361.95,341.4,20.549999999999997,1.1603574104540693,80,0.25687499999999996,90,0,1
534,00:44:30,362.15,341.4,20.75,1.1603574104540693,80,0.259375,90,0,1
535,00:44:35,362.54999999999995,341.15,21.400000000000006,1.1603574104540693,80,0.26750000000000007,90,0,1
536,00:44:40,362.54999999999995,341.15,21.400000000000006,1.1603574104540693,80,0.26750000000000007,90,0,1
537,00:44:45,362.54999999999995,341.15,21.400000000000006,1.1603574104540693,80,0.26750000000000007,90,0,1
538,00:44:50,362.54999999999995,340.65,21.900000000000006,1.1603574104540693,80,0.27375000000000005,90,0,1
539,00:44:55,362.15,340.15,22.0,1.1603574104540693,80,0.275,90,0,1
540,00:45:00,362.34999999999997,339.9,22.450000000000003,1.1603574104540693,80,0.280625,90,0,1
541,00:45:05,362.34999999999997,339.65,22.700000000000003,1.1603574104540693,80,0.28375000000000006,90,0,1
542,00:45:10,362.34999999999997,339.65,22.700000000000003,1.1603574104540693,80,0.28375000000000006,90,0,1
543,00:45:15,362.75,339.65,23.099999999999994,1.1603574104540693,80,0.28874999999999995,90,0,1
544,00:45:20,362.54999999999995,339.4,23.150000000000006,1.1603574104540693,80,0.28937500000000005,90,0,1
545,00:45:25,362.34999999999997,339.65,22.700000000000003,1.1603574104540693,80,0.28375000000000006,90,0,1
546,00:45:30,362.75,339.4,23.349999999999994,1.1603574104540693,80,0.29187499999999994,90,0,1
547,00:45:35,362.75,339.15,23.599999999999994,1.1603574104540693,80,0.29499999999999993,90,0,1
548,00:45:40,362.54999999999995,339.15,23.400000000000006,1.1603574104540693,80,0.2925000000000001,90,0,1
549,00:45:45,362.75,339.4,23.349999999999994,1.1603574104540693,80,0.29187499999999994,90,0,1
550,00:45:50,362.95,339.9,23.049999999999997,1.1603574104540693,80,0.28812499999999996,90,0,1
551,00:45:55,362.54999999999995,339.4,23.150000000000006,1.1603574104540693,80,0.28937500000000005,90,0,1
552,00:46:00,362.15,340.15,22.0,1.1603574104540693,80,0.275,90,0,1
553,00:46:05,362.34999999999997,339.9,22.450000000000003,1.1603574104540693,80,0.280625,90,0,1
554,00:46:10,362.34999999999997,340.15,22.200000000000003,1.1603574104540693,80,0.2775,90,0,1
555,00:46:15,362.34999999999997,340.15,22.200000000000003,1.1603574104540693,80,0.2775,90,0,1
556,00:46:20,362.54999999999995,340.15,22.400000000000006,1.1603574104540693,80,0.2800000000000001,90,0,1
557,00:46:25,362.75,339.9,22.849999999999994,1.1603574104540693,80,0.2856249999999999,90,0,1
558,00:46:30,362.95,339.4,23.549999999999997,1.1603574104540693,80,0.29437499999999994,90,0,1
559,00:46:35,362.75,339.4,23.349999999999994,1.1603574104540693,80,0.29187499999999994,90,0,1
560,00:46:40,362.95,339.4,23.549999999999997,1.1603574104540693,80,0.29437499999999994,90,0,1
561,00:46:45,363.15,339.65,23.5,1.1603574104540693,80,0.29375,90,0,1
562,00:46:50,363.15,339.4,23.75,1.1603574104540693,80,0.296875,90,0,1
563,00:46:55,362.95,339.4,23.549999999999997,1.1603574104540693,80,0.29437499999999994,90,0,1
564,00:47:00,362.75,339.4,23.349999999999994,1.1603574104540693,80,0.29187499999999994,90,0,1
565,00:47:05,363.15,339.4,23.75,1.1603574104540693,80,0.296875,90,0,1
566,00:47:10,362.95,339.4,23.549999999999997,1.1113214640923017,80,0.29437499999999994,90,0,1
567,00:47:15,362.95,339.4,23.549999999999997,1.1113214640923017,80,0.29437499999999994,90,0,1
568,00:47:20,363.34999999999997,339.4,23.950000000000003,1.1113214640923017,80,0.29937500000000006,90,0,1
569,00:47:25,363.34999999999997,339.4,23.950000000000003,1.1603574104540693,80,0.29937500000000006,90,0,1
570,00:47:30,362.95,339.4,23.549999999999997,1.1603574104540693,80,0.29437499999999994,90,0,1
571,00:47:35,362.75,339.4,23.349999999999994,1.1603574104540693,80,0.29187499999999994,90,0,1
572,00:47:40,362.95,339.4,23.549999999999997,1.1603574104540693,80,0.29437499999999994,90,0,1
573,00:47:45,362.75,339.65,23.099999999999994,1.1603574104540693,80,0.28874999999999995,90,0,1
574,00:47:50,362.75,340.15,22.599999999999994,1.1603574104540693,80,0.2824999999999999,90,0,1
575,00:47:55,363.15,339.9,23.25,1.1603574104540693,80,0.290625,90,0,1
576,00:48:00,363.15,340.15,23.0,1.1603574104540693,80,0.2875,90,0,1
577,00:48:05,363.34999999999997,340.4,22.950000000000003,1.1603574104540693,80,0.28687500000000005,90,0,1
578,00:48:10,363.15,339.9,23.25,1.1603574104540693,80,0.290625,90,0,1
579,00:48:15,363.34999999999997,339.65,23.700000000000003,1.1603574104540693,80,0.29625,90,0,1
580,00:48:20,363.34999999999997,339.65,23.700000000000003,1.1603574104540693,80,0.29625,90,0,1
581,00:48:25,363.34999999999997,339.65,23.700000000000003,1.1603574104540693,80,0.29625,90,0,1
582,00:48:30,363.54999999999995,339.65,23.900000000000006,1.1603574104540693,80,0.29875000000000007,90,0,1
583,00:48:35,363.54999999999995,339.9,23.650000000000006,1.1603574104540693,80,0.2956250000000001,90,0,1
584,00:48:40,363.54999999999995,339.65,23.900000000000006,1.1603574104540693,80,0.29875000000000007,90,0,1
585,00:48:45,363.34999999999997,339.4,23.950000000000003,1.1113214640923017,80,0.29937500000000006,90,0,1
586,00:48:50,363.34999999999997,339.4,23.950000000000003,1.1113214640923017,80,0.29937500000000006,90,0,1
587,00:48:55,363.54999999999995,339.65,23.900000000000006,1.1113214640923017,80,0.29875000000000007,90,0,1
588,00:49:00,363.54999999999995,339.4,24.150000000000006,1.1113214640923017,80,0.30187500000000006,90,0,1
589,00:49:05,363.54999999999995,339.4,24.150000000000006,1.1113214640923017,80,0.30187500000000006,90,0,1
590,00:49:10,363.54999999999995,339.4,24.150000000000006,1.1113214640923017,80,0.30187500000000006,90,0,1
591,00:49:15,363.54999999999995,339.9,23.650000000000006,1.1113214640923017,80,0.2956250000000001,90,0,1
592,00:49:20,363.54999999999995,340.15,23.400000000000006,1.1113214640923017,80,0.2925000000000001,90,0,1
593,00:49:25,362.95,340.15,22.799999999999997,1.1113214640923017,80,0.285,90,0,1
594,00:49:30,362.95,340.4,22.549999999999997,1.1113214640923017,80,0.281875,90,0,1
595,00:49:35,363.15,340.65,22.5,1.1113214640923017,80,0.28125,90,0,1
596,00:49:40,363.15,341.15,22.0,1.1113214640923017,80,0.275,90,0,1
597,00:49:45,363.34999999999997,341.15,22.200000000000003,1.1113214640923017,80,0.2775,90,0,1
598,00:49:50,363.54999999999995,341.15,22.400000000000006,1.1113214640923017,80,0.2800000000000001,90,0,1
599,00:49:55,363.54999999999995,341.15,22.400000000000006,1.1113214640923017,80,0.2800000000000001,90,0,1
600,00:50:00,363.75,340.9,22.849999999999994,1.1113214640923017,80,0.2856249999999999,90,0,1
601,00:50:05,363.75,339.9,23.849999999999994,1.1113214640923017,80,0.2981249999999999,90,0,1
602,00:50:10,363.75,339.65,24.099999999999994,1.1113214640923017,80,0.3012499999999999,90,0,1
603,00:50:15,363.95,340.15,23.799999999999997,1.1113214640923017,80,0.2975,90,0,1
604,00:50:20,363.95,340.65,23.299999999999997,1.1113214640923017,80,0.29124999999999995,90,0,1
605,00:50:25,363.95,340.65,23.299999999999997,1.1113214640923017,80,0.29124999999999995,90,0,1
606,00:50:30,363.54999999999995,340.4,23.150000000000006,1.1113214640923017,80,0.28937500000000005,90,0,1
607,00:50:35,363.54999999999995,338.9,24.650000000000006,1.1113214640923017,80,0.3081250000000001,90,0,1
608,00:50:40,363.54999999999995,339.65,23.900000000000006,1.1113214640923017,80,0.29875000000000007,90,0,1
609,00:50:45,363.15,339.9,23.25,1.1113214640923017,80,0.290625,90,0,1
610,00:50:50,363.34999999999997,339.9,23.450000000000003,1.1113214640923017,80,0.293125,90,0,1
611,00:50:55,363.34999999999997,340.4,22.950000000000003,1.1113214640923017,80,0.28687500000000005,90,0,1
612,00:51:00,363.34999999999997,340.65,22.700000000000003,1.1113214640923017,80,0.28375000000000006,90,0,1
613,00:51:05,363.34999999999997,340.9,22.450000000000003,1.1113214640923017,80,0.280625,90,0,1
614,00:51:10,363.75,340.4,23.349999999999994,1.1113214640923017,80,0.29187499999999994,90,0,1
615,00:51:15,363.75,340.4,23.349999999999994,1.1113214640923017,80,0.29187499999999994,90,0,1
616,00:51:20,363.95,340.4,23.549999999999997,1.1113214640923017,80,0.29437499999999994,90,0,1
617,00:51:25,363.75,340.4,23.349999999999994,1.1113214640923017,80,0.29187499999999994,90,0,1
618,00:51:30,363.95,340.65,23.299999999999997,1.1113214640923017,80,0.29124999999999995,90,0,1
619,00:51:35,363.75,340.15,23.599999999999994,1.1113214640923017,80,0.29499999999999993,90,0,1
620,00:51:40,363.34999999999997,339.9,23.450000000000003,1.1113214640923017,80,0.293125,90,0,1
621,00:51:45,363.34999999999997,340.4,22.950000000000003,1.1113214640923017,80,0.28687500000000005,90,0,1
622,00:51:50,363.75,340.65,23.099999999999994,1.1113214640923017,80,0.28874999999999995,90,0,1
623,00:51:55,363.54999999999995,340.65,22.900000000000006,1.1113214640923017,80,0.28625000000000006,90,0,1
624,00:52:00,363.34999999999997,340.4,22.950000000000003,1.1113214640923017,80,0.28687500000000005,90,0,1
625,00:52:05,363.34999999999997,340.15,23.200000000000003,1.1113214640923017,80,0.29000000000000004,90,0,1
626,00:52:10,363.54999999999995,340.4,23.150000000000006,1.1113214640923017,80,0.28937500000000005,90,0,1
627,00:52:15,363.54999999999995,340.4,23.150000000000006,1.1113214640923017,80,0.28937500000000005,90,0,1
628,00:52:20,363.95,340.15,23.799999999999997,1.1113214640923017,80,0.2975,90,0,1
629,00:52:25,363.75,340.65,23.099999999999994,1.1113214640923017,80,0.28874999999999995,90,0,1
630,00:52:30,363.34999999999997,341.15,22.200000000000003,1.1113214640923017,80,0.2775,90,0,1
631,00:52:35,363.34999999999997,341.4,21.950000000000003,1.1113214640923017,80,0.27437500000000004,90,0,1
632,00:52:40,363.15,341.4,21.75,1.1113214640923017,80,0.271875,90,0,1
633,00:52:45,363.54999999999995,341.4,22.150000000000006,1.1113214640923017,80,0.2768750000000001,90,0,1
634,00:52:50,363.15,341.4,21.75,1.1113214640923017,80,0.271875,90,0,1
635,00:52:55,363.54999999999995,341.15,22.400000000000006,1.1113214640923017,80,0.2800000000000001,90,0,1
636,00:53:00,363.54999999999995,340.65,22.900000000000006,1.1113214640923017,80,0.28625000000000006,90,0,1
637,00:53:05,363.15,341.4,21.75,1.1113214640923017,80,0.271875,90,0,1
638,00:53:10,363.15,341.4,21.75,1.1113214640923017,80,0.271875,90,0,1
639,00:53:15,363.34999999999997,341.4,21.950000000000003,1.1113214640923017,80,0.27437500000000004,90,0,1
640,00:53:20,363.34999999999997,341.4,21.950000000000003,1.1113214640923017,80,0.27437500000000004,90,0,1
641,00:53:25,363.54999999999995,341.4,22.150000000000006,1.1113214640923017,80,0.2768750000000001,90,0,1
642,00:53:30,363.34999999999997,341.4,21.950000000000003,1.1113214640923017,80,0.27437500000000004,90,0,1
643,00:53:35,363.54999999999995,341.65,21.900000000000006,1.1113214640923017,80,0.27375000000000005,90,0,1
644,00:53:40,363.54999999999995,341.65,21.900000000000006,1.1113214640923017,80,0.27375000000000005,90,0,1
645,00:53:45,363.54999999999995,341.65,21.900000000000006,1.1113214640923017,80,0.27375000000000005,90,0,1
646,00:53:50,363.75,341.4,22.349999999999994,1.1113214640923017,80,0.27937499999999993,90,0,1
647,00:53:55,363.34999999999997,341.4,21.950000000000003,1.1113214640923017,80,0.27437500000000004,90,0,1
648,00:54:00,363.75,341.4,22.349999999999994,1.1113214640923017,80,0.27937499999999993,90,0,1
649,00:54:05,363.75,341.65,22.099999999999994,1.1113214640923017,80,0.27624999999999994,90,0,1
650,00:54:10,363.75,341.65,22.099999999999994,1.1113214640923017,80,0.27624999999999994,90,0,1
651,00:54:15,363.75,341.65,22.099999999999994,1.1113214640923017,80,0.27624999999999994,90,0,1
652,00:54:20,363.75,341.65,22.099999999999994,1.1113214640923017,80,0.27624999999999994,90,0,1
653,00:54:25,363.15,342.15,21.0,1.1113214640923017,80,0.2625,90,0,1
654,00:54:30,363.15,342.15,21.0,1.1113214640923017,80,0.2625,90,0,1
655,00:54:35,363.15,341.9,21.25,1.1113214640923017,80,0.265625,90,0,1
656,00:54:40,363.15,341.65,21.5,1.1113214640923017,80,0.26875,90,0,1
657,00:54:45,363.75,341.4,22.349999999999994,1.1113214640923017,80,0.27937499999999993,90,0,1
658,00:54:50,363.75,341.4,22.349999999999994,1.1113214640923017,80,0.27937499999999993,90,0,1
659,00:54:55,363.54999999999995,341.4,22.150000000000006,1.1113214640923017,80,0.2768750000000001,90,0,1
660,00:55:00,362.75,341.65,21.099999999999994,1.1113214640923017,80,0.26374999999999993,90,0,1
661,00:55:05,362.75,342.15,20.599999999999994,1.1113214640923017,80,0.25749999999999995,90,0,1
662,00:55:10,362.15,342.15,20.0,1.1113214640923017,80,0.25,90,0,1
663,00:55:15,362.15,342.4,19.75,1.1113214640923017,80,0.246875,90,0,1
664,00:55:20,361.95,341.65,20.299999999999997,1.1113214640923017,80,0.25375,90,0,1
665,00:55:25,362.15,341.9,20.25,1.1113214640923017,80,0.253125,90,0,1
666,00:55:30,362.15,342.15,20.0,1.1113214640923017,80,0.25,90,0,1
667,00:55:35,362.15,342.65,19.5,1.1113214640923017,80,0.24375,90,0,1
668,00:55:40,361.95,343.15,18.799999999999997,1.1113214640923017,80,0.23499999999999996,90,0,1
669,00:55:45,362.34999999999997,342.65,19.700000000000003,1.1113214640923017,80,0.24625000000000002,90,0,1
670,00:55:50,362.54999999999995,342.65,19.900000000000006,1.1113214640923017,80,0.24875000000000008,90,0,1
671,00:55:55,362.54999999999995,342.65,19.900000000000006,1.1113214640923017,80,0.24875000000000008,90,0,1
672,00:56:00,362.34999999999997,342.9,19.450000000000003,1.1113214640923017,80,0.24312500000000004,90,0,1
673,00:56:05,362.75,343.15,19.599999999999994,1.1113214640923017,80,0.24499999999999994,90,0,1
674,00:56:10,362.95,342.9,20.049999999999997,1.1113214640923017,80,0.250625,90,0,1
675,00:56:15,363.15,342.9,20.25,1.1113214640923017,80,0.253125,90,0,1
676,00:56:20,363.15,342.65,20.5,1.1603574104540693,80,0.25625,90,0,1
677,00:56:25,363.34999999999997,342.65,20.700000000000003,1.1603574104540693,80,0.25875000000000004,90,0,1
678,00:56:30,363.54999999999995,342.65,20.900000000000006,1.1603574104540693,80,0.2612500000000001,90,0,1
679,00:56:35,363.75,342.15,21.599999999999994,1.1603574104540693,80,0.2699999999999999,90,0,1
680,00:56:40,363.75,342.15,21.599999999999994,1.1603574104540693,80,0.2699999999999999,90,0,1
681,00:56:45,363.54999999999995,342.65,20.900000000000006,1.1603574104540693,80,0.2612500000000001,90,0,1
682,00:56:50,363.34999999999997,342.65,20.700000000000003,1.1603574104540693,80,0.25875000000000004,90,0,1
683,00:56:55,363.34999999999997,342.65,20.700000000000003,1.1603574104540693,80,0.25875000000000004,90,0,1
684,00:57:00,363.34999999999997,342.15,21.200000000000003,1.1603574104540693,80,0.265,90,0,1
685,00:57:05,363.34999999999997,341.9,21.450000000000003,1.1603574104540693,80,0.26812500000000006,90,0,1
686,00:57:10,363.34999999999997,341.9,21.450000000000003,1.1603574104540693,80,0.26812500000000006,90,0,1
687,00:57:15,363.54999999999995,341.9,21.650000000000006,1.1603574104540693,80,0.27062500000000006,90,0,1
688,00:57:20,363.54999999999995,341.9,21.650000000000006,1.1603574104540693,80,0.27062500000000006,90,0,1
689,00:57:25,363.75,341.65,22.099999999999994,1.1603574104540693,80,0.27624999999999994,90,0,1
690,00:57:30,363.54999999999995,341.9,21.650000000000006,1.1603574104540693,80,0.27062500000000006,90,0,1
691,00:57:35,363.95,342.15,21.799999999999997,1.1603574104540693,80,0.27249999999999996,90,0,1
692,00:57:40,363.75,342.15,21.599999999999994,1.1603574104540693,80,0.2699999999999999,90,0,1
693,00:57:45,363.95,341.65,22.299999999999997,1.1603574104540693,80,0.27874999999999994,90,0,1
694,00:57:50,364.34999999999997,341.65,22.700000000000003,1.1603574104540693,80,0.28375000000000006,90,0,1
695,00:57:55,363.75,341.65,22.099999999999994,1.1603574104540693,80,0.27624999999999994,90,0,1
696,00:58:00,364.15,341.9,22.25,1.1603574104540693,80,0.278125,90,0,1
697,00:58:05,364.15,341.9,22.25,1.1603574104540693,80,0.278125,90,0,1
698,00:58:10,364.34999999999997,341.9,22.450000000000003,1.1603574104540693,80,0.280625,90,0,1
699,00:58:15,364.54999999999995,341.65,22.900000000000006,1.1603574104540693,80,0.28625000000000006,90,0,1
700,00:58:20,364.15,342.15,22.0,1.1603574104540693,80,0.275,90,0,1
701,00:58:25,364.15,342.15,22.0,1.1603574104540693,80,0.275,90,0,1
702,00:58:30,363.75,342.9,20.849999999999994,1.1603574104540693,80,0.26062499999999994,90,0,1
703,00:58:35,363.54999999999995,342.9,20.650000000000006,1.1603574104540693,80,0.25812500000000005,90,0,1
704,00:58:40,363.95,342.9,21.049999999999997,1.1603574104540693,80,0.26312499999999994,90,0,1
705,00:58:45,363.95,342.9,21.049999999999997,1.1603574104540693,80,0.26312499999999994,90,0,1
706,00:58:50,364.15,342.9,21.25,1.1603574104540693,80,0.265625,90,0,1
707,00:58:55,364.15,342.4,21.75,1.1603574104540693,80,0.271875,90,0,1
708,00:59:00,364.34999999999997,342.65,21.700000000000003,1.1603574104540693,80,0.27125000000000005,90,0,1
709,00:59:05,364.15,342.9,21.25,1.1603574104540693,80,0.265625,90,0,1
710,00:59:10,363.54999999999995,343.15,20.400000000000006,1.1603574104540693,80,0.25500000000000006,90,0,1
711,00:59:15,363.15,343.4,19.75,1.1603574104540693,80,0.246875,90,0,1
712,00:59:20,363.54999999999995,343.4,20.150000000000006,1.1603574104540693,80,0.25187500000000007,90,0,1
713,00:59:25,363.75,343.4,20.349999999999994,1.1603574104540693,80,0.2543749999999999,90,0,1
714,00:59:30,363.75,343.4,20.349999999999994,1.1603574104540693,80,0.2543749999999999,90,0,1
715,00:59:35,363.75,343.4,20.349999999999994,1.1603574104540693,80,0.2543749999999999,90,0,1
716,00:59:40,363.95,343.4,20.549999999999997,1.1603574104540693,80,0.25687499999999996,90,0,1
717,00:59:45,363.54999999999995,343.4,20.150000000000006,1.1603574104540693,80,0.25187500000000007,90,0,1
718,00:59:50,363.15,343.9,19.25,1.1603574104540693,80,0.240625,90,0,1
719,00:59:55,362.95,344.15,18.799999999999997,1.1603574104540693,80,0.23499999999999996,90,0,1
